held_out,family,default,raw,embed,concordance,ot114,top5_direct,top1_direct,rf,oracle
12c16g_64-100000-4-oltp_read_only-0.2,oltp_read_only,0.500663173088176,0.4900524036773598,0.9916388177314279,0.9916388177314279,0.9916388177314279,0.9916388177314279,0.9969897143154364,0.4900524036773598,1.0
12c16g_64-100000-4-oltp_read_only-0.6,oltp_read_only,0.6232190763941343,0.6199242049331909,0.6199242049331909,0.9990232594483369,0.9973758237178653,0.996379548355169,0.9992902351991249,0.9990232594483369,0.9992902351991249
12c16g_64-100000-4-oltp_read_only-1.0,oltp_read_only,0.8903560732113145,0.8883194675540765,0.8883194675540765,0.977630615640599,0.9831613976705491,0.996053244592346,0.996232945091514,0.996053244592346,0.9967454242928452
12c16g_64-1000000-4-oltp_read_only-0.2,oltp_read_only,0.8239274597374475,0.8385663373483105,0.8385663373483105,0.9681282988225741,0.8385663373483105,0.9635268642576804,0.9635268642576804,0.9748500022556053,0.9976767266657645
12c16g_64-1000000-4-oltp_read_only-0.6,oltp_read_only,0.7614198214153938,0.9948158807468085,0.9662940004427718,0.9662940004427718,0.9662940004427718,0.9662940004427718,0.9662940004427718,0.8800457530809535,1.0
12c16g_64-1000000-4-oltp_read_only-1.0,oltp_read_only,0.8281984233430147,0.7797408261528219,0.9887491918909271,0.9640186419907949,0.9559520248559878,0.9887491918909271,0.9858448237598543,0.9858448237598543,1.0
16c24g_64-100000-4-oltp_read_only-0.2,oltp_read_only,0.4576874537024335,0.4496831188784329,0.993141101264781,0.9875373809981068,0.9990466130758044,0.9950272984169661,0.9944031386320612,0.993141101264781,0.999156355455568
16c24g_64-100000-4-oltp_read_only-0.6,oltp_read_only,0.5657244229301466,0.5619082326569623,0.5619082326569623,0.9878500752924028,0.9878500752924028,0.9878500752924028,0.9830643664092744,0.9878500752924028,1.0
16c24g_64-100000-4-oltp_read_only-1.0,oltp_read_only,0.8651596981294037,0.8620122321971457,0.8620122321971457,1.0,0.998233127078937,0.9901498622983654,0.998233127078937,0.9851496834650738,1.0
16c24g_64-1000000-4-oltp_read_only-0.2,oltp_read_only,0.818595948914016,0.9496732557824236,0.9496732557824236,0.9496732557824236,0.9496732557824236,0.9837848097833455,0.9837848097833455,0.9735893055668537,0.9918110577835624
16c24g_64-1000000-4-oltp_read_only-0.6,oltp_read_only,0.7617497323398955,0.9853169314134638,0.9853169314134638,0.9769921559202045,0.9853169314134638,0.9878078091201082,0.9899709397600891,0.7181156728647279,0.9958266873511481
16c24g_64-1000000-4-oltp_read_only-1.0,oltp_read_only,0.8245320364191596,0.8218854266809931,0.9927161680710287,0.9900582480348358,0.9949216761861674,1.0,0.9927161680710287,0.9927161680710287,1.0
24c32g_64-100000-4-oltp_read_only-0.2,oltp_read_only,0.4539901721250721,0.43905619458094275,0.9825335602712275,0.9825335602712275,0.9844071705053943,0.9942487715156341,1.0,0.9825335602712275,1.0
24c32g_64-100000-4-oltp_read_only-0.6,oltp_read_only,0.5838696075923994,0.5726579618582853,0.5726579618582853,0.9972627548022754,0.9902537481596172,0.9989493402271361,0.9877376944930221,0.9892030883867533,0.9989493402271361
24c32g_64-100000-4-oltp_read_only-1.0,oltp_read_only,0.8632134395864741,0.8614473400818436,0.8614473400818436,0.9959078182209777,0.8582812836528106,0.9873429535501471,0.9953550147174959,0.8614473400818436,0.996855481369804
24c32g_64-1000000-4-oltp_read_only-0.2,oltp_read_only,0.8138190776227585,0.9714096217163702,0.9702252647037923,0.9714096217163702,0.8189118127768434,0.9714096217163702,0.9714096217163702,0.9702252647037923,1.0
24c32g_64-1000000-4-oltp_read_only-0.6,oltp_read_only,0.7704536346113475,0.9831676177026278,0.9729193305215749,0.9831676177026278,0.9729193305215749,0.9831676177026278,1.0,0.9807439073264757,1.0
24c32g_64-1000000-4-oltp_read_only-1.0,oltp_read_only,0.8307374839271641,0.8188332158115227,0.9980608901240201,1.0,0.9572358870131487,0.9841345555601642,1.0,0.9980608901240201,1.0
32c64g_64-100000-4-oltp_read_only-0.2,oltp_read_only,0.47712585872530644,0.47000624527495644,0.9938204647799361,0.9938204647799361,0.9880748118200046,0.9893830325740394,0.9908227328008414,0.9938204647799361,1.0
32c64g_64-100000-4-oltp_read_only-0.6,oltp_read_only,0.5933149647204267,0.5894483497839824,0.5894483497839824,0.9854607387338808,0.9970079765372754,0.9942263810983027,1.0,0.9942263810983027,1.0
32c64g_64-100000-4-oltp_read_only-1.0,oltp_read_only,0.8788596151098957,0.8749141173989647,0.8749141173989647,0.9908233165309551,0.9911838533907471,0.9936395855866887,0.9960817126181098,0.8749141173989647,0.9973469929185119
32c64g_64-1000000-4-oltp_read_only-0.2,oltp_read_only,0.8139086388772713,0.981132952274734,0.9858729494865004,0.9729308982759423,0.9729308982759423,0.9887076537013801,0.9887076537013801,0.9729308982759423,0.9887076537013801
32c64g_64-1000000-4-oltp_read_only-0.6,oltp_read_only,0.7677643309685497,0.9894153799461286,0.9906483554004326,0.9894153799461286,0.9906483554004326,0.9925831784210327,0.986494176562085,0.9906483554004326,1.0
32c64g_64-1000000-4-oltp_read_only-1.0,oltp_read_only,0.8364435137853873,0.7938350680544435,0.9920962410954404,0.9896224672045328,0.9839358666420316,0.9885446818993656,0.9936051405226746,0.9839358666420316,1.0
4c6g_64-100000-4-oltp_read_only-0.2,oltp_read_only,0.4719681692569885,0.47113980947725065,0.9743412163309094,0.9743412163309094,0.9743412163309094,0.9725487000862308,0.9725487000862308,0.9743412163309094,1.0
4c6g_64-100000-4-oltp_read_only-0.6,oltp_read_only,0.601622579765476,0.5912394327788383,0.5912394327788383,0.9765134987728388,0.9765134987728388,0.9780610853558767,0.9815789473684211,0.9765134987728388,1.0
4c6g_64-100000-4-oltp_read_only-1.0,oltp_read_only,0.8705915217543123,0.8606397094769187,0.8606397094769187,0.9884978001257071,0.9824149731126475,0.9875968992248062,1.0,0.9824149731126475,1.0
4c6g_64-1000000-4-oltp_read_only-0.2,oltp_read_only,0.819761680322916,0.9935223454910207,0.9935223454910207,0.9917337393952578,0.9935223454910207,0.9935223454910207,0.9935223454910207,0.9935223454910207,0.9954801440553017
4c6g_64-1000000-4-oltp_read_only-0.6,oltp_read_only,0.7804834413390053,0.9873573728779866,0.9873573728779866,0.9795054267880571,0.9873573728779866,0.9873573728779866,0.9934003896155529,0.9873573728779866,1.0
4c6g_64-1000000-4-oltp_read_only-1.0,oltp_read_only,0.844950829614868,0.8262682493610015,0.9748949443313261,1.0,0.9748949443313261,0.9854871550491703,0.9487934843824458,0.9748949443313261,1.0
88c190g_64-1000000-4-oltp_read_only-0.2,oltp_read_only,0.8339443476170442,0.9727948394334595,0.9778432197447763,0.9817497045094857,0.9667848628723681,0.987379049221708,0.9727948394334595,0.987379049221708,0.9917663321113047
88c190g_64-1000000-4-oltp_read_only-0.6,oltp_read_only,0.7829669418747306,0.9844822441062371,0.974137073510395,0.9844822441062371,0.9844822441062371,0.983918564939156,0.9844822441062371,0.983918564939156,0.997546337743294
88c190g_64-1000000-4-oltp_read_only-1.0,oltp_read_only,0.6697271519980684,0.667101291802487,0.9808463117228058,0.9937884824339008,0.9897561270071231,0.9937884824339008,0.9958227695279489,0.9889713871785585,1.0
8c12g_64-100000-4-oltp_read_only-0.2,oltp_read_only,0.48774864041839494,0.4790365624936979,0.98765116732433,0.98765116732433,0.98765116732433,0.9889687346647935,0.9937348328504494,0.4790365624936979,1.0
8c12g_64-100000-4-oltp_read_only-0.6,oltp_read_only,0.6157165096491934,0.6110126956008267,0.6110126956008267,0.9702539120165339,0.9750583782913278,1.0,1.0,0.9702539120165339,1.0
8c12g_64-100000-4-oltp_read_only-1.0,oltp_read_only,0.8907196812484436,0.8853448991450154,0.8853448991450154,0.9942931850253175,0.9919966243324755,0.9983329182922442,0.9983329182922442,0.8853448991450154,0.9983329182922442
8c12g_64-1000000-4-oltp_read_only-0.2,oltp_read_only,0.8135291198628593,0.9844588803175892,0.9844588803175892,0.9581810799837597,0.9844588803175892,0.9947444399332341,0.9994812108088601,0.9844588803175892,0.9994812108088601
8c12g_64-1000000-4-oltp_read_only-0.6,oltp_read_only,0.7733263928910041,0.9774125783123572,0.9890502128608876,0.9905374505028723,0.9774125783123572,0.9774125783123572,0.9896822888587311,0.751055009202283,0.9905374505028723
8c12g_64-1000000-4-oltp_read_only-1.0,oltp_read_only,0.832093079382957,0.8188491784155588,0.9781983467750046,0.981989501417912,0.9781983467750046,0.9891997345186139,1.0,0.9781983467750046,1.0
12c16g_64-100000-4-oltp_read_write_20-0.2,oltp_read_write_20,0.40040511155461556,0.5709094158648834,0.9990467963420809,0.9990467963420809,0.9927020344940574,0.9927020344940574,0.9927020344940574,0.9990467963420809,1.0
12c16g_64-100000-4-oltp_read_write_20-0.6,oltp_read_write_20,0.521215171882865,0.9864980901903888,1.0,1.0,0.6365439848399609,0.9864980901903888,1.0,0.9864980901903888,1.0
12c16g_64-100000-4-oltp_read_write_20-1.0,oltp_read_write_20,0.7495583261824239,0.8404421785876532,0.8404421785876532,0.895159254959366,0.9062137196506991,0.9318308010701124,0.9062137196506991,0.9062137196506991,0.9569935894200191
12c16g_64-1000000-4-oltp_read_write_20-0.2,oltp_read_write_20,0.6081911262798635,0.8826621160409557,0.81160409556314,0.8241638225255973,1.0,0.9883959044368601,0.9883959044368601,0.9883959044368601,1.0
12c16g_64-1000000-4-oltp_read_write_20-0.6,oltp_read_write_20,0.5519222020018199,0.8085191082802546,0.8085191082802546,0.9906164695177434,0.8063011828935396,0.8085191082802546,0.9906164695177434,1.0,1.0
12c16g_64-1000000-4-oltp_read_write_20-1.0,oltp_read_write_20,0.6858188403063341,1.0,0.9448447579884559,0.9448447579884559,0.6988342701927793,0.9448447579884559,1.0,1.0,1.0
16c24g_64-100000-4-oltp_read_write_20-0.2,oltp_read_write_20,0.40513269618855424,0.932338270570765,0.9939458553859042,0.9939458553859042,0.5076343144347562,0.9939458553859042,1.0,0.9939458553859042,1.0
16c24g_64-100000-4-oltp_read_write_20-0.6,oltp_read_write_20,0.5177981375788525,0.907104235506158,0.9822394112346049,0.98276509462301,0.5811429858816461,0.98276509462301,0.9822394112346049,0.9822394112346049,1.0
16c24g_64-100000-4-oltp_read_write_20-1.0,oltp_read_write_20,0.7065765765765766,0.8005105105105105,0.8005105105105105,0.8262462462462462,0.8262462462462462,0.8262462462462462,0.8273573573573574,0.8273573573573574,0.8948648648648649
16c24g_64-1000000-4-oltp_read_write_20-0.2,oltp_read_write_20,0.5408958130477117,0.9605647517039922,0.9525316455696203,1.0,1.0,0.8736611489776047,0.9605647517039922,0.9255111976630965,1.0
16c24g_64-1000000-4-oltp_read_write_20-0.6,oltp_read_write_20,0.5038059474271795,1.0,0.8814574241347812,1.0,0.8757738759768599,1.0,1.0,0.9472241956764437,1.0
16c24g_64-1000000-4-oltp_read_write_20-1.0,oltp_read_write_20,0.5634091153970477,0.6119491434112704,0.9668139209136947,0.9271091477211507,0.9271091477211507,0.7676435728908523,1.0,1.0,1.0
24c32g_64-100000-4-oltp_read_write_20-0.2,oltp_read_write_20,0.39188516746411484,0.9484019138755981,0.9960574162679426,0.9960574162679426,0.9960574162679426,0.9893588516746412,0.9960574162679426,0.9960574162679426,1.0
24c32g_64-100000-4-oltp_read_write_20-0.6,oltp_read_write_20,0.5148572089258874,0.998843796970748,0.998843796970748,0.998843796970748,0.5518557058619493,0.9880911087987049,0.998843796970748,0.998843796970748,1.0
24c32g_64-100000-4-oltp_read_write_20-1.0,oltp_read_write_20,0.7209930861093652,0.8181646763042112,0.8181646763042112,0.8702074167190446,0.8757071024512885,0.838874921433061,0.8757071024512885,0.8702074167190446,0.9524198617221874
24c32g_64-1000000-4-oltp_read_write_20-0.2,oltp_read_write_20,0.5814230425721941,0.9588171082663492,0.9172372729979161,0.9588171082663492,0.9588171082663492,0.7838642453111044,0.8354669048327875,0.8354669048327875,1.0
24c32g_64-1000000-4-oltp_read_write_20-0.6,oltp_read_write_20,0.5465632894851468,1.0,0.8930220402474083,0.9583587420507013,1.0,0.7669657635682551,0.893196271452217,0.893196271452217,1.0
24c32g_64-1000000-4-oltp_read_write_20-1.0,oltp_read_write_20,0.59341469030624,0.6215979737508633,1.0,0.8827538567810269,1.0,0.8038682938061248,0.9933686391895004,0.9933686391895004,1.0
32c64g_64-100000-4-oltp_read_write_20-0.2,oltp_read_write_20,0.40023329661071866,0.90412157345603,1.0,1.0,0.9793273281057612,0.9793273281057612,1.0,1.0,1.0
32c64g_64-100000-4-oltp_read_write_20-0.6,oltp_read_write_20,0.5146498819826908,0.8850039339103067,0.9852084972462628,0.9852084972462628,0.663477576711251,0.9852084972462628,0.9852084972462628,1.0,1.0
32c64g_64-100000-4-oltp_read_write_20-1.0,oltp_read_write_20,0.7134718583890739,0.7957221699432845,0.7865917241028509,0.8720211602533127,0.8870266283476181,0.8254279101706554,0.8720211602533127,0.8870266283476181,0.9341031053689055
32c64g_64-1000000-4-oltp_read_write_20-0.2,oltp_read_write_20,0.585895506342722,1.0,0.9556009460331112,0.949043216512578,0.9929047516663083,0.7925177381208343,0.9185121479251774,0.8890561169640938,1.0
32c64g_64-1000000-4-oltp_read_write_20-0.6,oltp_read_write_20,0.5520901219625733,0.9283120752257704,0.9283120752257704,1.0,0.9858486174471651,0.9560562331254073,1.0,0.9560562331254073,1.0
32c64g_64-1000000-4-oltp_read_write_20-1.0,oltp_read_write_20,0.5609269420887941,0.6105392045712212,0.6105392045712212,0.9484830619926534,0.611718289419981,1.0,1.0,1.0,1.0
4c6g_64-100000-4-oltp_read_write_20-0.2,oltp_read_write_20,0.45182640144665465,0.9934538878842676,0.9934538878842676,0.9934538878842676,0.9934538878842676,0.9934538878842676,0.9934538878842676,0.9934538878842676,1.0
4c6g_64-100000-4-oltp_read_write_20-0.6,oltp_read_write_20,0.5767311072056239,0.9975746924428822,1.0,0.7291388400702987,0.7291388400702987,0.9975746924428822,0.9975746924428822,0.7291388400702987,1.0
4c6g_64-100000-4-oltp_read_write_20-1.0,oltp_read_write_20,0.7257835566659097,0.8159777424483307,0.7942595957301839,0.9595446286622757,0.9595446286622757,0.9595446286622757,0.9609641153758801,0.9595446286622757,0.9609641153758801
4c6g_64-1000000-4-oltp_read_write_20-0.2,oltp_read_write_20,0.5857447456594578,1.0,0.9514671540257894,1.0,0.969336988526754,0.969336988526754,1.0,0.9514671540257894,1.0
4c6g_64-1000000-4-oltp_read_write_20-0.6,oltp_read_write_20,0.6010588890953,0.996284599665614,0.9633104216979379,0.9136169422255248,0.9633104216979379,0.9639606167564555,0.9639606167564555,0.6318038268623444,1.0
4c6g_64-1000000-4-oltp_read_write_20-1.0,oltp_read_write_20,0.6258550268195463,0.6895822056001181,1.0,0.7512917671374439,1.0,1.0,1.0,1.0,1.0
88c190g_64-1000000-4-oltp_read_write_20-0.2,oltp_read_write_20,0.7184541229127216,0.9749526596660354,0.9245997589946634,0.9749526596660354,0.9760716130142881,1.0,0.9760716130142881,0.9245997589946634,1.0
88c190g_64-1000000-4-oltp_read_write_20-0.6,oltp_read_write_20,0.6614911276473956,0.9618631940469378,0.9097738981110476,1.0,1.0,0.9434029765311963,1.0,0.9097738981110476,1.0
88c190g_64-1000000-4-oltp_read_write_20-1.0,oltp_read_write_20,0.6559165526675786,0.9539329685362518,0.8680574555403557,0.9539329685362518,0.9539329685362518,0.8598495212038304,0.9914158686730506,0.9539329685362518,1.0
8c12g_64-100000-4-oltp_read_write_20-0.2,oltp_read_write_20,0.4085259795705386,0.5637709117358718,1.0,1.0,0.5637709117358718,1.0,1.0,1.0,1.0
8c12g_64-100000-4-oltp_read_write_20-0.6,oltp_read_write_20,0.5317760875791617,1.0,0.9939216497470005,0.9939216497470005,0.673773987206823,0.9939216497470005,0.9939216497470005,0.9939216497470005,1.0
8c12g_64-100000-4-oltp_read_write_20-1.0,oltp_read_write_20,0.7260709722837849,0.8282533308997994,0.8282533308997994,0.8947670325659011,0.8947670325659011,0.8858498683284228,0.8858498683284228,0.8858498683284228,0.9336948869710324
8c12g_64-1000000-4-oltp_read_write_20-0.2,oltp_read_write_20,0.5885420193675086,0.8585359246969595,0.8585359246969595,0.9904516828062572,0.8585359246969595,0.7479515135098531,0.8585359246969595,0.9904516828062572,1.0
8c12g_64-1000000-4-oltp_read_write_20-0.6,oltp_read_write_20,0.5545406639733005,0.8169096551320336,0.8169096551320336,0.9968382223783594,0.8543240236547808,0.8169096551320336,0.9968382223783594,0.8169096551320336,1.0
8c12g_64-1000000-4-oltp_read_write_20-1.0,oltp_read_write_20,0.7104260890264222,0.9503689597714831,0.9469174006189003,0.7902483535666112,0.7902483535666112,0.9942474014123622,0.9942474014123622,0.9503689597714831,1.0
12c16g_64-100000-4-oltp_read_write_5-0.2,oltp_read_write_5,0.26995889899115705,0.9999377257441773,0.9914684269522979,1.0,1.0,0.9914684269522979,1.0,0.9999377257441773,1.0
12c16g_64-100000-4-oltp_read_write_5-0.6,oltp_read_write_5,0.3315672745194677,0.9953794972893051,0.4110399211434204,0.9953794972893051,0.9924223755544603,0.9924223755544603,0.9924223755544603,1.0,1.0
12c16g_64-100000-4-oltp_read_write_5-1.0,oltp_read_write_5,0.5864406779661018,0.9409770687936192,0.9409770687936192,0.9884346959122633,0.9409770687936192,1.0,1.0,0.6204719175805916,1.0
12c16g_64-1000000-4-oltp_read_write_5-0.2,oltp_read_write_5,0.5531185743660041,0.9543066026959105,0.6648389307745031,0.9348869088416724,0.9543066026959105,0.9543066026959105,0.9348869088416724,0.9348869088416724,1.0
12c16g_64-1000000-4-oltp_read_write_5-0.6,oltp_read_write_5,0.5619201290843082,0.9757966922146027,0.8083904800322711,0.9757966922146027,0.9757966922146027,0.9757966922146027,1.0,1.0,1.0
12c16g_64-1000000-4-oltp_read_write_5-1.0,oltp_read_write_5,0.5442818636888718,1.0,0.7140931844435888,1.0,0.44743935309973043,0.7140931844435888,1.0,1.0,1.0
16c24g_64-100000-4-oltp_read_write_5-0.2,oltp_read_write_5,0.23294843290540052,0.9786272681632359,0.9786272681632359,0.9786272681632359,0.99770494154773,0.99770494154773,1.0,1.0,1.0
16c24g_64-100000-4-oltp_read_write_5-0.6,oltp_read_write_5,0.2861257109943121,0.9748002015983872,0.357405140758874,1.0,0.9748002015983872,0.9892720858233135,0.9892720858233135,1.0,1.0
16c24g_64-100000-4-oltp_read_write_5-1.0,oltp_read_write_5,0.5047325894574837,0.9072720277029628,0.9072720277029628,0.8339361292804927,1.0,0.9869180454020778,0.9886110042323971,0.5345902270103886,1.0
16c24g_64-1000000-4-oltp_read_write_5-0.2,oltp_read_write_5,0.5580969807868252,1.0,1.0,0.8847209515096066,0.8549862763037512,1.0,0.8769441903019214,0.8769441903019214,1.0
16c24g_64-1000000-4-oltp_read_write_5-0.6,oltp_read_write_5,0.48035837353549277,0.4955203308063405,0.8642315644383184,1.0,1.0,1.0,0.6498966230186078,0.8642315644383184,1.0
16c24g_64-1000000-4-oltp_read_write_5-1.0,oltp_read_write_5,0.39852264470816173,0.5571566965366916,0.7122790021797045,0.9429643981593607,0.9429643981593607,0.9429643981593607,0.9429643981593607,0.9429643981593607,1.0
24c32g_64-100000-4-oltp_read_write_5-0.2,oltp_read_write_5,0.23054878922481728,0.963676744519272,0.963676744519272,0.963676744519272,0.963676744519272,0.963676744519272,0.9884653961885655,0.9884653961885655,1.0
24c32g_64-100000-4-oltp_read_write_5-0.6,oltp_read_write_5,0.28852981667995076,0.9823925802478083,0.3529454387363235,1.0,0.9823925802478083,0.9823925802478083,1.0,1.0,1.0
24c32g_64-100000-4-oltp_read_write_5-1.0,oltp_read_write_5,0.5035862589656475,0.8856172140430352,0.8856172140430352,0.5443563608909022,0.882068705171763,1.0,0.9862589656474142,0.5378633446583616,1.0
24c32g_64-1000000-4-oltp_read_write_5-0.2,oltp_read_write_5,0.6004610065309258,1.0,0.7495197848636189,0.9800230503265464,1.0,0.9919323857087975,1.0,0.8413369189396849,1.0
24c32g_64-1000000-4-oltp_read_write_5-0.6,oltp_read_write_5,0.5498898331759521,0.5448536355051935,0.7324519987409506,0.9880390305319484,1.0,0.9118665407617249,0.9150141643059491,0.9150141643059491,1.0
24c32g_64-1000000-4-oltp_read_write_5-1.0,oltp_read_write_5,0.4377387318563789,0.732620320855615,0.5556040598057405,1.0,1.0,0.605478555058387,1.0,0.9705336680126597,1.0
32c64g_64-100000-4-oltp_read_write_5-0.2,oltp_read_write_5,0.25056490082852123,1.0,0.9721315591262867,1.0,0.9849987446648256,0.9849987446648256,0.9849987446648256,0.9849987446648256,1.0
32c64g_64-100000-4-oltp_read_write_5-0.6,oltp_read_write_5,0.3104515314177455,1.0,0.3844647931796653,0.998484370066309,0.998484370066309,0.998484370066309,0.998484370066309,0.998484370066309,1.0
32c64g_64-100000-4-oltp_read_write_5-1.0,oltp_read_write_5,0.5594749242679232,0.9193537529451362,0.9193537529451362,1.0,1.0,0.9971053517334231,1.0,1.0,1.0
32c64g_64-1000000-4-oltp_read_write_5-0.2,oltp_read_write_5,0.6058074781225139,0.9490851233094669,0.9490851233094669,0.9864757358790772,0.8420843277645187,0.9490851233094669,0.8420843277645187,0.9490851233094669,1.0
32c64g_64-1000000-4-oltp_read_write_5-0.6,oltp_read_write_5,0.5269670050761421,0.5853426395939086,0.7106598984771573,1.0,0.9130710659898478,1.0,0.9130710659898478,0.9095812182741118,1.0
32c64g_64-1000000-4-oltp_read_write_5-1.0,oltp_read_write_5,0.42417965769104976,0.7215741851084705,0.5333042625095389,0.928703804644064,0.928703804644064,0.928703804644064,0.928703804644064,0.928703804644064,1.0
4c6g_64-100000-4-oltp_read_write_5-0.2,oltp_read_write_5,0.30505387767491277,0.9995446957049628,0.9995446957049628,0.9995446957049628,0.9995446957049628,0.9995446957049628,0.9995446957049628,0.3551373501290029,1.0
4c6g_64-100000-4-oltp_read_write_5-0.6,oltp_read_write_5,0.3778218986690198,0.981616295315832,0.4362085447459372,0.981616295315832,0.3939260239723509,0.981616295315832,0.981616295315832,1.0,1.0
4c6g_64-100000-4-oltp_read_write_5-1.0,oltp_read_write_5,0.6755627009646302,0.9586012861736334,0.9564308681672026,0.9971864951768488,0.9586012861736334,0.9971864951768488,1.0,0.6907556270096463,1.0
4c6g_64-1000000-4-oltp_read_write_5-0.2,oltp_read_write_5,0.5843966460080204,0.8931826467371491,0.8374043018592782,1.0,0.955887714181553,0.8931826467371491,1.0,0.8931826467371491,1.0
4c6g_64-1000000-4-oltp_read_write_5-0.6,oltp_read_write_5,0.5426519006285544,0.969470218497456,0.8922478299910207,0.969470218497456,0.9598922478299912,0.969470218497456,0.969470218497456,0.5507333133792278,1.0
4c6g_64-1000000-4-oltp_read_write_5-1.0,oltp_read_write_5,0.4677073403241182,0.790514775977121,0.5162059103908484,1.0,1.0,1.0,1.0,0.6544327931363203,1.0
88c190g_64-1000000-4-oltp_read_write_5-0.2,oltp_read_write_5,0.7193188490898414,0.990311215502055,0.884028185554903,0.9718144450968879,0.9718144450968879,0.914856136230182,0.9189665296535525,0.990311215502055,1.0
88c190g_64-1000000-4-oltp_read_write_5-0.6,oltp_read_write_5,0.6515473659343255,1.0,0.9385778407748642,1.0,1.0,0.9385778407748642,0.9617292700212616,1.0,1.0
88c190g_64-1000000-4-oltp_read_write_5-1.0,oltp_read_write_5,0.5554814744261358,0.7682636441565863,0.8611296313934661,0.7682636441565863,1.0,0.7578817030193351,1.0,1.0,1.0
8c12g_64-100000-4-oltp_read_write_5-0.2,oltp_read_write_5,0.271958231445377,0.9862533870861145,0.9875090873042098,0.9862533870861145,0.9862533870861145,0.9862533870861145,1.0,1.0,1.0
8c12g_64-100000-4-oltp_read_write_5-0.6,oltp_read_write_5,0.3378051174661344,1.0,0.4026568941823179,0.43786401413520054,0.9967279628296577,1.0,0.9967279628296577,0.9967279628296577,1.0
8c12g_64-100000-4-oltp_read_write_5-1.0,oltp_read_write_5,0.5886294702687451,0.9490019044931931,0.9490019044931931,0.9918882697326655,0.9411723213655921,0.9918882697326655,0.9918882697326655,0.6292586583903504,1.0
8c12g_64-1000000-4-oltp_read_write_5-0.2,oltp_read_write_5,0.5698924731182795,0.9949668268130862,0.7149393731411576,0.9949668268130862,0.9949668268130862,0.9949668268130862,0.9949668268130862,0.9041409288492337,1.0
8c12g_64-1000000-4-oltp_read_write_5-0.6,oltp_read_write_5,0.5415288854308501,0.9377553005251897,0.7807819490371524,0.9377553005251897,0.9377553005251897,0.9377553005251897,1.0,0.7889515658432212,1.0
8c12g_64-1000000-4-oltp_read_write_5-1.0,oltp_read_write_5,0.5709996997898529,0.7194035825077554,0.7468227759431602,0.9946962874011808,0.7194035825077554,0.8041629140398279,0.9946962874011808,0.9946962874011808,1.0
12c16g_64-100000-4-oltp_read_write_50-0.2,oltp_read_write_50,0.4540931955115804,0.9971809186888508,0.5095904040683212,1.0,0.9881432756619313,0.9971809186888508,1.0,1.0,1.0
12c16g_64-100000-4-oltp_read_write_50-0.6,oltp_read_write_50,0.5581314135281793,0.9944662332778166,0.9902487508730458,0.9869446086068876,0.7067640896147854,0.9894965884059529,1.0,0.9782410143448128,1.0
12c16g_64-100000-4-oltp_read_write_50-1.0,oltp_read_write_50,0.5485181727011792,0.7662793512466715,1.0,0.9899194245599474,0.7662793512466715,1.0,0.9899194245599474,0.7872531728740879,1.0
12c16g_64-1000000-4-oltp_read_write_50-0.2,oltp_read_write_50,0.6128021216322103,0.7262973901512868,0.9769754686275692,1.0,1.0,0.39431016816346215,0.9769754686275692,0.9769754686275692,1.0
12c16g_64-1000000-4-oltp_read_write_50-0.6,oltp_read_write_50,0.6355792276964047,0.9805592543275632,0.8911850865512649,0.9805592543275632,0.9805592543275632,1.0,0.8834087882822903,1.0,1.0
12c16g_64-1000000-4-oltp_read_write_50-1.0,oltp_read_write_50,0.6663238621338113,0.804748332500808,1.0,0.8752975053624423,0.7723092292774659,0.9133194252637147,0.9980900890312344,0.7664325801428026,1.0
16c24g_64-100000-4-oltp_read_write_50-0.2,oltp_read_write_50,0.44124036440084097,0.9325858444288719,0.9029782761037141,1.0,0.995480028030834,0.995480028030834,0.995480028030834,0.995480028030834,1.0
16c24g_64-100000-4-oltp_read_write_50-0.6,oltp_read_write_50,0.5361241737643462,0.9232464073136243,1.0,0.9897069946397449,0.9463974481239108,1.0,0.9728698740504456,0.9543556184024466,1.0
16c24g_64-100000-4-oltp_read_write_50-1.0,oltp_read_write_50,0.5704134804087433,0.6166339581782501,0.9935034174731001,0.9935034174731001,0.8089824276465678,0.9935034174731001,0.9935034174731001,0.8089824276465678,1.0
16c24g_64-1000000-4-oltp_read_write_50-0.2,oltp_read_write_50,0.601086956521739,0.9083695652173912,0.9083695652173912,0.9693478260869566,1.0,0.8972826086956521,0.9233695652173913,1.0,1.0
16c24g_64-1000000-4-oltp_read_write_50-0.6,oltp_read_write_50,0.5296320416802345,1.0,0.9109410615434712,1.0,0.9461901660696842,0.9414685770107457,0.8860306089221752,0.9414685770107457,1.0
16c24g_64-1000000-4-oltp_read_write_50-1.0,oltp_read_write_50,0.6040552481049155,0.9431242152257825,1.0,1.0,0.9483792959121983,0.9422406175882435,1.0,1.0,1.0
24c32g_64-100000-4-oltp_read_write_50-0.2,oltp_read_write_50,0.4422397966388928,0.5425434260697641,0.9460881231464483,0.9987996045756248,0.9996469425222425,1.0,0.9996469425222425,1.0,1.0
24c32g_64-100000-4-oltp_read_write_50-0.6,oltp_read_write_50,0.5511900655398413,1.0,0.820386340117282,0.9824767161090031,0.9824767161090031,0.9984822352535357,1.0,1.0,1.0
24c32g_64-100000-4-oltp_read_write_50-1.0,oltp_read_write_50,0.5483999292786421,0.5881143917963225,1.0,0.9967733380480904,0.8022675035360678,1.0,0.9967733380480904,0.8022675035360678,1.0
24c32g_64-1000000-4-oltp_read_write_50-0.2,oltp_read_write_50,0.6244225020382281,0.8361264607301385,0.8361264607301385,0.9887670984690643,0.9258084971464807,0.9258084971464807,0.8361264607301385,0.9759036144578314,0.9952894283902528
24c32g_64-1000000-4-oltp_read_write_50-0.6,oltp_read_write_50,0.5815456741014349,0.8315101576928541,0.9085097314959512,0.9428185821849694,0.8315101576928541,0.9358573661031396,0.9374200880806932,0.8315101576928541,1.0
24c32g_64-1000000-4-oltp_read_write_50-1.0,oltp_read_write_50,0.6274226555916698,0.8532964166766983,0.9441434934392681,1.0,1.0,0.9315838048232414,1.0,1.0,1.0
32c64g_64-100000-4-oltp_read_write_50-0.2,oltp_read_write_50,0.44033291766957633,0.9224835426152018,0.807673346286576,1.0,0.9944610387727287,0.9944610387727287,0.9944610387727287,1.0,1.0
32c64g_64-100000-4-oltp_read_write_50-0.6,oltp_read_write_50,0.5375624629457102,0.9580757177945287,0.767708421557833,0.9825527229609553,0.9579910222749217,0.9825527229609553,0.9825527229609553,0.9552807656474973,1.0
32c64g_64-100000-4-oltp_read_write_50-1.0,oltp_read_write_50,0.5527838902346568,0.5952402966031176,0.9930102257808022,0.9930102257808022,0.8022337691155532,1.0,0.8690064535216998,0.8022337691155532,1.0
32c64g_64-1000000-4-oltp_read_write_50-0.2,oltp_read_write_50,0.6157733261144198,0.8247608734885401,0.8247608734885401,0.9355711965349216,0.9681465439451363,0.915358238585093,0.9681465439451363,0.9697707994946762,1.0
32c64g_64-1000000-4-oltp_read_write_50-0.6,oltp_read_write_50,0.6005235221406239,0.8529775321747982,0.9134007125718026,1.0,0.8529775321747982,0.8821348069512106,0.9134007125718026,0.976877772122446,1.0
32c64g_64-1000000-4-oltp_read_write_50-1.0,oltp_read_write_50,0.633967672585397,0.8488335058523768,0.9518273747909866,0.9518273747909866,0.9518273747909866,0.9518273747909866,1.0,0.9028983199299306,1.0
4c6g_64-100000-4-oltp_read_write_50-0.2,oltp_read_write_50,0.497104965227236,0.9320394630438299,0.8061782306323791,0.9966682840045287,0.9896813844412098,0.9896813844412098,0.9966682840045287,0.9966682840045287,1.0
4c6g_64-100000-4-oltp_read_write_50-0.6,oltp_read_write_50,0.525158104959503,0.8709919005880395,0.9584489071341397,0.9705148119383114,0.8509097969599467,0.9584489071341397,0.9705148119383114,0.8509097969599467,1.0
4c6g_64-100000-4-oltp_read_write_50-1.0,oltp_read_write_50,0.5841098169717137,0.6786397670549085,1.0,1.0,0.8415349417637271,1.0,1.0,0.8151622296173044,1.0
4c6g_64-1000000-4-oltp_read_write_50-0.2,oltp_read_write_50,0.5992468081197758,0.9274363920271883,0.6037475888674566,0.8485349499402957,0.9694130614494352,0.9694130614494352,0.9694130614494352,0.9274363920271883,1.0
4c6g_64-1000000-4-oltp_read_write_50-0.6,oltp_read_write_50,0.5782511362865477,0.9807340071908283,0.8481107116206499,0.9807340071908283,0.8798588969540736,0.8798588969540736,1.0,1.0,1.0
4c6g_64-1000000-4-oltp_read_write_50-1.0,oltp_read_write_50,0.6377376693331189,0.8934759014350605,0.9703742412670338,1.0,0.886762873336817,0.9737106564296337,1.0,0.9703742412670338,1.0
88c190g_64-1000000-4-oltp_read_write_50-0.2,oltp_read_write_50,0.7539003522898843,1.0,0.8994176432525702,0.9346466316773312,0.9346466316773312,0.9346466316773312,1.0,1.0,1.0
88c190g_64-1000000-4-oltp_read_write_50-0.6,oltp_read_write_50,0.6981198589894242,0.9821974148061104,0.883431257344301,1.0,0.9821974148061104,1.0,1.0,0.9821974148061104,1.0
88c190g_64-1000000-4-oltp_read_write_50-1.0,oltp_read_write_50,0.731274979406291,1.0,0.9366934130640387,0.983402996003295,0.983402996003295,0.9973151905299448,0.983402996003295,0.983402996003295,1.0
8c12g_64-100000-4-oltp_read_write_50-0.2,oltp_read_write_50,0.4518168389955687,0.5382865583456425,0.7956868537666174,0.9938847858197932,1.0,1.0,0.9938847858197932,1.0,1.0
8c12g_64-100000-4-oltp_read_write_50-0.6,oltp_read_write_50,0.5438658960804186,0.9362075104768688,0.9362075104768688,0.9599824700758718,0.9316606864060917,0.9599824700758718,0.9744172669752664,0.9362075104768688,1.0
8c12g_64-100000-4-oltp_read_write_50-1.0,oltp_read_write_50,0.54851779574389,0.6531734968869065,1.0,1.0,0.6549019607843138,1.0,0.9790168199981415,0.7283523836074715,1.0
8c12g_64-1000000-4-oltp_read_write_50-0.2,oltp_read_write_50,0.6262816234908694,0.7869319905357034,0.9764605957653338,1.0,1.0,0.4394224352363041,0.9764605957653338,0.7869319905357034,1.0
8c12g_64-1000000-4-oltp_read_write_50-0.6,oltp_read_write_50,0.6634604992975252,0.9845455527936885,0.9826002377607262,0.9845455527936885,0.9845455527936885,0.8553982492164703,0.9826002377607262,0.9826002377607262,1.0
8c12g_64-1000000-4-oltp_read_write_50-1.0,oltp_read_write_50,0.6678134110787172,0.7934985422740525,1.0,0.8543148688046647,0.8484548104956268,0.9951603498542273,0.9818075801749271,0.8484548104956268,1.0
12c16g_64-100000-4-oltp_read_write_80-0.2,oltp_read_write_80,0.43661925887265135,0.6929149269311065,0.9779325417536535,0.9369454592901879,0.7535229645093946,0.9779325417536535,1.0,0.9796777139874738,1.0
12c16g_64-100000-4-oltp_read_write_80-0.6,oltp_read_write_80,0.5099628559636814,0.7678580272389599,0.7678580272389599,0.7823854725546843,0.6830045398266612,0.9904416013206769,0.9904416013206769,1.0,1.0
12c16g_64-100000-4-oltp_read_write_80-1.0,oltp_read_write_80,0.46626371841574055,1.0,0.9883988027564444,0.7082994965080396,0.6962342513747418,1.0,0.9883988027564444,0.7082994965080396,1.0
12c16g_64-1000000-4-oltp_read_write_80-0.2,oltp_read_write_80,0.7360612779681516,0.8811126788953839,1.0,0.9952832090304373,0.9007458173755292,1.0,1.0,0.7219512195121951,1.0
12c16g_64-1000000-4-oltp_read_write_80-0.6,oltp_read_write_80,0.7102646158081277,0.8704449261897388,0.9738481125907573,0.9738481125907573,0.875537662158907,0.9738481125907573,0.9738481125907573,0.9738481125907573,1.0
12c16g_64-1000000-4-oltp_read_write_80-1.0,oltp_read_write_80,0.7197461629279811,0.7528040141676505,0.9899856636869624,0.936941305447799,0.9899856636869624,1.0,0.9899856636869624,1.0,1.0
16c24g_64-100000-4-oltp_read_write_80-0.2,oltp_read_write_80,0.4119344391009913,0.6556678771223868,1.0,0.9761507508096968,0.7103935616841692,0.9532633231916773,1.0,0.7031700853862008,1.0
16c24g_64-100000-4-oltp_read_write_80-0.6,oltp_read_write_80,0.4779068134865716,0.7288444952564334,0.7288444952564334,0.7337786068154922,1.0,0.9750285817437873,0.9787391940951121,0.9750285817437873,1.0
16c24g_64-100000-4-oltp_read_write_80-1.0,oltp_read_write_80,0.42540109774118645,1.0,0.9892073042009711,0.6369273801984379,0.6357135317711632,1.0,1.0,0.6369273801984379,1.0
16c24g_64-1000000-4-oltp_read_write_80-0.2,oltp_read_write_80,0.7334108005626567,0.9079566998960309,0.9708274723258518,0.9079566998960309,0.9079566998960309,0.9708274723258518,1.0,0.9708274723258518,1.0
16c24g_64-1000000-4-oltp_read_write_80-0.6,oltp_read_write_80,0.690736119775421,0.8915574963609898,0.9943855271366188,0.8755458515283842,0.92747972551466,0.9943855271366188,1.0,0.7814514452069037,1.0
16c24g_64-1000000-4-oltp_read_write_80-1.0,oltp_read_write_80,0.6257744733581165,0.7075588599752168,0.7893432465923174,1.0,0.7893432465923174,0.9603757816777615,1.0,1.0,1.0
24c32g_64-100000-4-oltp_read_write_80-0.2,oltp_read_write_80,0.4225079073563922,0.6675441281501887,0.987756351392715,0.9762473217018672,0.9592082440567289,0.7842056932966024,0.987756351392715,0.7502907866544231,1.0
24c32g_64-100000-4-oltp_read_write_80-0.6,oltp_read_write_80,0.49952566670180243,0.8170759987351112,0.7620322546642775,0.7791293348793085,0.9806050384737007,0.7791293348793085,0.9978707705280909,0.7775060609254769,1.0
24c32g_64-100000-4-oltp_read_write_80-1.0,oltp_read_write_80,0.4254534952484425,1.0,0.9875125493378075,1.0,0.6338618953969716,1.0,1.0,1.0,1.0
24c32g_64-1000000-4-oltp_read_write_80-0.2,oltp_read_write_80,0.784431137724551,0.9554049795146549,0.9800399201596808,0.9702699863431032,0.8847568021851034,0.9293518226704486,0.9800399201596808,0.9509927513394265,1.0
24c32g_64-1000000-4-oltp_read_write_80-0.6,oltp_read_write_80,0.7117550912223352,0.8119450457216063,0.9845827627335777,0.9845827627335777,0.8929628484339797,1.0,1.0,1.0,1.0
24c32g_64-1000000-4-oltp_read_write_80-1.0,oltp_read_write_80,0.6776531321354116,0.7211357093219497,0.9963268142559316,0.9658493001092029,0.9963268142559316,0.9658493001092029,0.9418991363049737,0.7810979847116053,1.0
32c64g_64-100000-4-oltp_read_write_80-0.2,oltp_read_write_80,0.4296293677866347,0.6599798511815339,0.928347973629792,0.9439191219357005,0.7546086003640927,0.928347973629792,0.928347973629792,0.928347973629792,1.0
32c64g_64-100000-4-oltp_read_write_80-0.6,oltp_read_write_80,0.48728112505170273,0.7534813180752792,0.7438990762443126,0.7484144491934371,0.7207190128222805,0.7484144491934371,0.994605680408107,0.7639942092927064,1.0
32c64g_64-100000-4-oltp_read_write_80-1.0,oltp_read_write_80,0.4473351766220146,0.9903704056824141,0.9903704056824141,0.6796133860895266,0.6796133860895266,1.0,1.0,0.6796133860895266,1.0
32c64g_64-1000000-4-oltp_read_write_80-0.2,oltp_read_write_80,0.770849273144606,0.9679199912558751,1.0,0.9843152257077278,0.94769920209859,0.8981309432724889,1.0,0.9843152257077278,1.0
32c64g_64-1000000-4-oltp_read_write_80-0.6,oltp_read_write_80,0.7174580675643751,0.915520907158044,1.0,0.917032837231278,0.915520907158044,0.9425939050318922,1.0,0.9475549255846918,1.0
32c64g_64-1000000-4-oltp_read_write_80-1.0,oltp_read_write_80,0.6436781609195401,0.6923553309552121,1.0,1.0,0.7950108997225526,0.9245937376139517,1.0,1.0,1.0
4c6g_64-100000-4-oltp_read_write_80-0.2,oltp_read_write_80,0.49070933939849315,0.7275958004183336,1.0,0.97711349836525,0.9944966797311293,0.9944966797311293,0.9944966797311293,1.0,1.0
4c6g_64-100000-4-oltp_read_write_80-0.6,oltp_read_write_80,0.5574740304014759,1.0,0.8016283640155617,0.9891308707335659,0.7186660249468576,0.9891308707335659,1.0,1.0,1.0
4c6g_64-100000-4-oltp_read_write_80-1.0,oltp_read_write_80,0.5278522707398123,0.7438494723954994,0.9814755436366815,0.7438494723954994,0.7438494723954994,1.0,1.0,0.7577683204104237,1.0
4c6g_64-1000000-4-oltp_read_write_80-0.2,oltp_read_write_80,0.770392749244713,0.9429758308157099,0.9429758308157099,0.9990289167026327,0.7724428139835995,0.9288411739318082,0.9990289167026327,1.0,1.0
4c6g_64-1000000-4-oltp_read_write_80-0.6,oltp_read_write_80,0.7194570135746606,0.8179989944695827,0.8892088303853011,0.9968005850358792,0.8892088303853011,1.0,1.0,1.0,1.0
4c6g_64-1000000-4-oltp_read_write_80-1.0,oltp_read_write_80,0.6992364752873407,0.7555362334592289,0.9787789038937045,0.9494606417955059,0.9787789038937045,1.0,1.0,0.9787789038937045,1.0
88c190g_64-1000000-4-oltp_read_write_80-0.2,oltp_read_write_80,0.8274782608695652,0.9841304347826086,0.9841304347826086,0.8700869565217392,0.9965652173913044,0.9841304347826086,0.8338260869565217,0.9763478260869566,1.0
88c190g_64-1000000-4-oltp_read_write_80-0.6,oltp_read_write_80,0.7656753453575794,1.0,0.9629643346542721,0.8533017295655717,1.0,0.9629643346542721,0.7754897966741973,0.8533017295655717,1.0
88c190g_64-1000000-4-oltp_read_write_80-1.0,oltp_read_write_80,0.80348145745486,0.9948751216347713,0.9714563736620175,0.9714563736620175,0.9714563736620175,1.0,1.0,0.8800951454211267,1.0
8c12g_64-100000-4-oltp_read_write_80-0.2,oltp_read_write_80,0.42915676755156146,0.9968494990186964,0.9968494990186964,0.958974623833626,0.7834762249078951,0.9968494990186964,0.966566814722997,0.966566814722997,1.0
8c12g_64-100000-4-oltp_read_write_80-0.6,oltp_read_write_80,0.4973791194533345,0.9613182250670359,0.7348672260185106,0.982648559813165,0.7685148343568896,1.0,1.0,0.9690165210621919,1.0
8c12g_64-100000-4-oltp_read_write_80-1.0,oltp_read_write_80,0.47475655430711605,0.9960174781523096,0.9960174781523096,0.6953058676654182,0.584494382022472,0.9960174781523096,1.0,0.6892259675405743,1.0
8c12g_64-1000000-4-oltp_read_write_80-0.2,oltp_read_write_80,0.7350890782339272,0.8832402462391455,0.9928248196012883,0.9928248196012883,0.8832402462391455,0.903379673040075,0.9928248196012883,0.8008072077948551,1.0
8c12g_64-1000000-4-oltp_read_write_80-0.6,oltp_read_write_80,0.6781712546686954,0.8649536588739798,0.9964725411536864,0.9964725411536864,0.8481809378890579,0.9964725411536864,0.9964725411536864,0.8047447779775901,1.0
8c12g_64-1000000-4-oltp_read_write_80-1.0,oltp_read_write_80,0.7035607596868799,0.7554567061337519,1.0,0.9509823161291729,1.0,0.9509823161291729,1.0,0.9876583589542313,1.0
12c16g_64-100000-4-oltp_read_write_95-0.2,oltp_read_write_95,0.4315363972961038,0.9962634600360067,0.835592241584293,0.9940215360576107,1.0,0.9940215360576107,0.9962634600360067,0.9962634600360067,1.0
12c16g_64-100000-4-oltp_read_write_95-0.6,oltp_read_write_95,0.5307170672754129,0.9759970457902511,0.8444004297032363,1.0,0.6146099100308849,0.9759970457902511,1.0,0.9892909896602659,1.0
12c16g_64-100000-4-oltp_read_write_95-1.0,oltp_read_write_95,0.7413426846950131,0.9694844387497049,0.9694844387497049,0.9969653033010757,0.9280776882354925,0.9589641568601004,1.0,0.9589641568601004,1.0
12c16g_64-1000000-4-oltp_read_write_95-0.2,oltp_read_write_95,0.7942221712713515,0.9374068554396422,0.9205548549810845,0.9626275363980281,0.9846383125071649,0.9626275363980281,0.9846383125071649,0.8674767855095724,1.0
12c16g_64-1000000-4-oltp_read_write_95-0.6,oltp_read_write_95,0.7578766469352682,0.9409967538667177,0.95531793011266,0.9931258354019477,0.9957991216345236,0.9931258354019477,0.7469925529883521,1.0,1.0
12c16g_64-1000000-4-oltp_read_write_95-1.0,oltp_read_write_95,0.7492009588493808,0.9552536955653216,0.8764482620854973,0.9868158210147822,0.9868158210147822,0.9868158210147822,0.9868158210147822,1.0,1.0
16c24g_64-100000-4-oltp_read_write_95-0.2,oltp_read_write_95,0.3987406983400114,1.0,1.0,0.9796603701583668,1.0,1.0,1.0,1.0,1.0
16c24g_64-100000-4-oltp_read_write_95-0.6,oltp_read_write_95,0.4915092174711237,0.9943777250822307,0.9943777250822307,0.9938422703281574,0.5895356842346822,1.0,0.5895356842346822,0.9943777250822307,1.0
16c24g_64-100000-4-oltp_read_write_95-1.0,oltp_read_write_95,0.7182774238120825,0.9975819451907577,0.9975819451907577,0.9821140707760804,0.9975819451907577,0.9515237583480463,1.0,1.0,1.0
16c24g_64-1000000-4-oltp_read_write_95-0.2,oltp_read_write_95,0.7800677167672604,0.9477403209185925,0.9243338731046664,1.0,0.9777712350949506,0.9777712350949506,0.9125570440158987,0.9777712350949506,1.0
16c24g_64-1000000-4-oltp_read_write_95-0.6,oltp_read_write_95,0.7284394866258845,0.9046419575386829,0.9411059133981047,0.9948422694014633,0.9436248050857622,1.0,1.0,1.0,1.0
16c24g_64-1000000-4-oltp_read_write_95-1.0,oltp_read_write_95,0.7199626865671641,0.9889303482587065,0.8579601990049751,0.9157338308457711,0.9889303482587065,0.9889303482587065,0.8733830845771143,0.8112562189054725,1.0
24c32g_64-100000-4-oltp_read_write_95-0.2,oltp_read_write_95,0.3960936598869622,1.0,1.0,0.9937329385981776,0.9808143334999424,0.9937329385981776,1.0,1.0,1.0
24c32g_64-100000-4-oltp_read_write_95-0.6,oltp_read_write_95,0.4866431258156137,0.9928609810393797,0.8412144008597527,0.9855300529669148,0.9856451984340217,0.8889997697090657,0.9891379442695938,0.9891379442695938,1.0
24c32g_64-100000-4-oltp_read_write_95-1.0,oltp_read_write_95,0.7157243953651139,1.0,1.0,0.996033906213547,0.996033906213547,0.9931565440547476,0.996033906213547,1.0,1.0
24c32g_64-1000000-4-oltp_read_write_95-0.2,oltp_read_write_95,0.7778048780487805,0.9170731707317074,0.8934146341463415,1.0,0.9750000000000001,0.8671951219512195,0.8363414634146341,0.9232926829268292,1.0
24c32g_64-1000000-4-oltp_read_write_95-0.6,oltp_read_write_95,0.7372188139059305,0.9064417177914111,0.9153374233128834,0.9948875255623721,1.0,0.8252556237218813,0.8865030674846627,0.8252556237218813,1.0
24c32g_64-1000000-4-oltp_read_write_95-1.0,oltp_read_write_95,0.7444055001348073,1.0,0.8585063359396065,0.9114046912914533,0.8484766783499595,1.0,0.829064437853869,0.829064437853869,1.0
32c64g_64-100000-4-oltp_read_write_95-0.2,oltp_read_write_95,0.40860362836723474,1.0,0.8082050577240242,0.9890736668499175,0.9890736668499175,0.9890736668499175,1.0,1.0,1.0
32c64g_64-100000-4-oltp_read_write_95-0.6,oltp_read_write_95,0.5003431237990666,0.9891229755695855,0.8280263519077683,0.9991078781224266,0.9891229755695855,0.9891229755695855,0.5927806752676366,0.5378122426571508,1.0
32c64g_64-100000-4-oltp_read_write_95-1.0,oltp_read_write_95,0.7303231579309634,0.9739133427401315,0.9739133427401315,1.0,0.9929449014006951,0.9683725092060433,0.8342223904738961,0.9683725092060433,1.0
32c64g_64-1000000-4-oltp_read_write_95-0.2,oltp_read_write_95,0.778646851779429,0.9178725068439578,0.9917872506843959,0.9917872506843959,1.0,0.9168296180419764,0.9092686742276106,0.9393820883848261,1.0
32c64g_64-1000000-4-oltp_read_write_95-0.6,oltp_read_write_95,0.7064569195969566,0.9069504421139213,0.9058194530125436,0.9787168414558913,1.0,0.8136952498457741,0.8983137980670368,0.8136952498457741,1.0
32c64g_64-1000000-4-oltp_read_write_95-1.0,oltp_read_write_95,0.7299876017465365,1.0,0.8639965500512102,0.8833486065441217,0.9550428548326235,1.0,0.9938008732682876,0.8272869387095035,1.0
4c6g_64-100000-4-oltp_read_write_95-0.2,oltp_read_write_95,0.453312592238044,0.9985640780184276,0.8233815962666029,0.9985640780184276,0.9985640780184276,0.9985640780184276,1.0,1.0,1.0
4c6g_64-100000-4-oltp_read_write_95-0.6,oltp_read_write_95,0.5603851224481643,1.0,0.8226199512604371,1.0,1.0,1.0,1.0,1.0,1.0
4c6g_64-100000-4-oltp_read_write_95-1.0,oltp_read_write_95,0.737913779830639,0.9790608160123172,0.9790608160123172,0.9790608160123172,0.9790608160123172,0.9790608160123172,1.0,0.9536181678214011,1.0
4c6g_64-1000000-4-oltp_read_write_95-0.2,oltp_read_write_95,0.8063297733784839,0.8718416254232872,0.9296691846835112,0.9986975774941391,0.9986975774941391,0.989841104454285,0.9986975774941391,1.0,1.0
4c6g_64-1000000-4-oltp_read_write_95-0.6,oltp_read_write_95,0.7312880765883376,0.8782637075718016,0.9175369886858138,0.9905352480417754,1.0,0.959094865100087,1.0,1.0,1.0
4c6g_64-1000000-4-oltp_read_write_95-1.0,oltp_read_write_95,0.7507406090769048,1.0,0.8538926413082119,1.0,0.909704941343761,0.9344116601493069,1.0,1.0,1.0
88c190g_64-1000000-4-oltp_read_write_95-0.2,oltp_read_write_95,0.8307384809593941,0.9426677887649905,0.9426677887649905,1.0,0.9974752787713023,0.9980012623606144,0.9397222806648432,0.9974752787713023,1.0
88c190g_64-1000000-4-oltp_read_write_95-0.6,oltp_read_write_95,0.7723087513983307,0.9297822906806643,0.9297822906806643,1.0,0.977626710265898,0.7848722140951725,0.9074950520609242,1.0,1.0
88c190g_64-1000000-4-oltp_read_write_95-1.0,oltp_read_write_95,0.7382198952879582,0.9099562978668166,0.8664272424386655,0.9099562978668166,0.9176582579723941,0.7455324304443771,1.0,0.8442732897754316,1.0
8c12g_64-100000-4-oltp_read_write_95-0.2,oltp_read_write_95,0.4308381955315213,0.9961221004696172,0.8122954319055073,0.9888288031877046,0.9961221004696172,0.9961221004696172,0.9961221004696172,0.8336416678525687,1.0
8c12g_64-100000-4-oltp_read_write_95-0.6,oltp_read_write_95,0.5297724533919331,0.9777061033529455,0.8375983554263841,0.9848302261288723,0.9777061033529455,0.9777061033529455,0.9777061033529455,0.9777061033529455,1.0
8c12g_64-100000-4-oltp_read_write_95-1.0,oltp_read_write_95,0.7564584900928016,0.9874234118026444,0.9874234118026444,0.99871009351822,0.9874234118026444,0.9766025296499338,0.9905048550646746,0.9766025296499338,1.0
8c12g_64-1000000-4-oltp_read_write_95-0.2,oltp_read_write_95,0.8090475107979087,0.9641964082746078,0.9641964082746078,0.81473062059559,0.9806774266878836,0.9476017276653785,0.9641964082746078,0.81473062059559,0.9962491475335303
8c12g_64-1000000-4-oltp_read_write_95-0.6,oltp_read_write_95,0.7455992509363296,0.9809925093632959,0.9809925093632959,1.0,0.9971910112359551,0.9809925093632959,1.0,1.0,1.0
8c12g_64-1000000-4-oltp_read_write_95-1.0,oltp_read_write_95,0.7702276885545843,0.9978654198007726,0.8904248831063224,0.9978654198007726,0.8513925594633056,0.9978654198007726,0.9978654198007726,0.8513925594633056,1.0
12c16g_64-100000-4-oltp_write_only-0.2,oltp_write_only,0.5098404724996566,0.6221866844573514,0.5932146851637462,0.972715499480015,0.6445264211290544,0.8831897651237173,1.0,0.6221866844573514,1.0
12c16g_64-100000-4-oltp_write_only-0.6,oltp_write_only,0.4803339982212091,0.5567442944848846,0.5172741324076713,1.0,0.5567442944848846,0.9730331839494339,1.0,0.5672616117918298,1.0
12c16g_64-100000-4-oltp_write_only-1.0,oltp_write_only,0.30288405004269064,0.3535300343059312,0.32330400372201457,1.0,0.3477936326964666,1.0,1.0,0.3535300343059312,1.0
12c16g_64-1000000-4-oltp_write_only-0.2,oltp_write_only,0.6648958915825137,0.7977040228939838,0.8329166803723562,0.7877372454853458,0.8329166803723562,0.8329166803723562,0.6113121278905299,0.8557777704680768,0.9896056050787804
12c16g_64-1000000-4-oltp_write_only-0.6,oltp_write_only,0.6868676424973782,0.7365847894480304,0.7365847894480304,0.8404058904332157,0.7365847894480304,0.9159859976662778,0.8383823464248261,0.7900683869252471,1.0
12c16g_64-1000000-4-oltp_write_only-1.0,oltp_write_only,0.4280673628695144,0.4525268567490224,0.4282321741605862,1.0,0.43204530812220016,1.0,1.0,0.43412792352756097,1.0
16c24g_64-100000-4-oltp_write_only-0.2,oltp_write_only,0.5017569747520852,0.5673840459189416,0.5673840459189416,0.9687621143721786,0.5602060850100667,0.9046731776857955,0.9687621143721786,0.5922818162492028,1.0
16c24g_64-100000-4-oltp_write_only-0.6,oltp_write_only,0.46048472075869334,0.5441406466640786,0.5208474294270978,1.0,0.5348677278021186,0.9856136653541124,0.9856136653541124,0.5348677278021186,1.0
16c24g_64-100000-4-oltp_write_only-1.0,oltp_write_only,0.29932926420283046,0.3433898987188946,0.33543497216446444,1.0,0.3432557515594607,1.0,1.0,0.33543497216446444,1.0
16c24g_64-1000000-4-oltp_write_only-0.2,oltp_write_only,0.6255110384300899,0.9770178717439552,0.8517404508819064,0.771142389907721,0.9770178717439552,0.7608048125219016,0.7608048125219016,0.9770178717439552,1.0
16c24g_64-1000000-4-oltp_write_only-0.6,oltp_write_only,0.6205066798149843,0.8107816205301589,0.6497851658801155,0.9868986405578642,0.7813622596323166,1.0,0.9868986405578642,0.8107816205301589,1.0
16c24g_64-1000000-4-oltp_write_only-1.0,oltp_write_only,0.5468904388259227,0.6227840743969776,0.6057541412380122,1.0,0.5626562045916884,0.9654606219122347,0.9654606219122347,0.6057541412380122,1.0
24c32g_64-100000-4-oltp_write_only-0.2,oltp_write_only,0.4879340481594532,0.5926143330463594,0.5926143330463594,0.9781247554198952,0.6130938404946388,0.8444470532988965,1.0,0.5926143330463594,1.0
24c32g_64-100000-4-oltp_write_only-0.6,oltp_write_only,0.45592474070039263,0.5243979936905654,0.5243979936905654,1.0,0.5025532784094777,1.0,1.0,0.5025532784094777,1.0
24c32g_64-100000-4-oltp_write_only-1.0,oltp_write_only,0.2898914797782325,0.45875623805568505,0.3243991545282038,1.0,0.3436991416975615,1.0,1.0,0.3243991545282038,1.0
24c32g_64-1000000-4-oltp_write_only-0.2,oltp_write_only,0.6465749968462217,0.8512173583953576,0.8082755140658509,0.7572347672511669,0.9660905765106598,0.947899583701274,0.9059164879525672,0.947899583701274,1.0
24c32g_64-1000000-4-oltp_write_only-0.6,oltp_write_only,0.6404159584041595,0.8554144585541446,0.6714728527147285,0.9495250474952505,0.7513648635136486,0.8336366363363664,1.0,0.8701929807019297,1.0
24c32g_64-1000000-4-oltp_write_only-1.0,oltp_write_only,0.49747442180380014,0.5633973862952455,0.5487060441922449,0.9457376837761156,0.5241488264121743,1.0,0.8169439429111855,0.5487060441922449,1.0
32c64g_64-100000-4-oltp_write_only-0.2,oltp_write_only,0.4902499005091889,0.5608730701333687,0.5608730701333687,0.9576934458514882,0.5608730701333687,0.8441820834906478,0.9576934458514882,0.5963938407534771,1.0
32c64g_64-100000-4-oltp_write_only-0.6,oltp_write_only,0.4782855199002155,0.6296821257134217,0.5087405979513928,1.0,0.5087405979513928,1.0,1.0,0.5379861662319991,1.0
32c64g_64-100000-4-oltp_write_only-1.0,oltp_write_only,0.29974013048767006,0.3648512661727303,0.32839212650669025,0.9981975008293708,0.32839212650669025,0.9981975008293708,0.9981975008293708,0.32839212650669025,1.0
32c64g_64-1000000-4-oltp_write_only-0.2,oltp_write_only,0.6429472681823593,0.7976431377216998,0.9705273181764076,0.9705273181764076,0.7976431377216998,0.970598738245447,1.0,0.9705273181764076,1.0
32c64g_64-1000000-4-oltp_write_only-0.6,oltp_write_only,0.6723474773926921,0.8639878882114653,0.7060231597037522,1.0,0.747309628053521,1.0,0.825893039813413,0.8639878882114653,1.0
32c64g_64-1000000-4-oltp_write_only-1.0,oltp_write_only,0.5245256358498184,0.6305342484187861,0.5482887004889427,1.0,0.5307047055129412,1.0,1.0,0.5482887004889427,1.0
4c6g_64-100000-4-oltp_write_only-0.2,oltp_write_only,0.515910551207643,0.5019539273412895,0.6260888799941013,0.9735824810137248,0.5019539273412895,0.9187145159421511,0.9735824810137248,0.5019539273412895,1.0
4c6g_64-100000-4-oltp_write_only-0.6,oltp_write_only,0.46603763421553485,0.4355675656264588,0.5277588250080798,1.0,0.5277588250080798,0.7023557295220311,1.0,0.5277588250080798,1.0
4c6g_64-100000-4-oltp_write_only-1.0,oltp_write_only,0.30679003268897964,0.48732029544503386,0.338709859855897,0.9837912429730005,0.338709859855897,0.9837912429730005,0.9837912429730005,0.31177255709260365,1.0
4c6g_64-1000000-4-oltp_write_only-0.2,oltp_write_only,0.614577973784148,0.7940953080975133,0.9878966066397158,0.8965821389195149,0.8161460247458043,0.5391155212544407,0.8584834007105231,0.7940953080975133,1.0
4c6g_64-1000000-4-oltp_write_only-0.6,oltp_write_only,0.6494962313490232,0.6852984156283649,0.6852984156283649,0.9702545762190432,0.6769920012305798,0.9702545762190432,0.9702545762190432,0.6769920012305798,1.0
4c6g_64-1000000-4-oltp_write_only-1.0,oltp_write_only,0.4844829605340204,0.5344781696813551,0.5406530464499781,1.0,0.4643081476434328,1.0,1.0,0.46116747756284004,1.0
88c190g_64-1000000-4-oltp_write_only-0.2,oltp_write_only,0.722022307497051,0.9990891851940334,0.9990891851940334,0.9990891851940334,0.9340181864333388,0.8950024636793931,1.0,1.0,1.0
88c190g_64-1000000-4-oltp_write_only-0.6,oltp_write_only,0.7174890806988353,1.0,1.0,0.9784213810316139,0.9784213810316139,1.0,1.0,0.9343282029950083,1.0
88c190g_64-1000000-4-oltp_write_only-1.0,oltp_write_only,0.602105904002878,0.7917479556680919,0.7917479556680919,0.9865717487858536,0.6411384611127253,0.9865717487858536,0.9865717487858536,0.6899879623095762,1.0
8c12g_64-100000-4-oltp_write_only-0.2,oltp_write_only,0.4888922110928389,0.6085015199083071,0.6085015199083071,0.9557582099965117,0.6085015199083071,0.8422983006926795,0.9557582099965117,0.6034982807594558,1.0
8c12g_64-100000-4-oltp_write_only-0.6,oltp_write_only,0.4514245188856007,0.5391107920219937,0.5024165163640184,0.9746878666363142,0.5391107920219937,0.9746878666363142,0.9746878666363142,0.5391107920219937,1.0
8c12g_64-100000-4-oltp_write_only-1.0,oltp_write_only,0.3015322007829231,0.4733213349212537,0.32926028187367484,1.0,0.3486143970263876,1.0,1.0,0.3396209285061977,1.0
8c12g_64-1000000-4-oltp_write_only-0.2,oltp_write_only,0.5972091183005144,0.6949204126974465,0.7091943878016861,0.7953708494384758,0.7375292936056245,0.7375292936056245,0.5240740177131205,0.7091943878016861,1.0
8c12g_64-1000000-4-oltp_write_only-0.6,oltp_write_only,0.6800682972389236,0.7383836320121417,0.7383836320121417,0.8917021773393263,0.7272196602650166,0.8917021773393263,0.8662950207226665,0.8005662249722726,0.9786644095499387
8c12g_64-1000000-4-oltp_write_only-1.0,oltp_write_only,0.4483379353480496,0.7214992906286708,0.4446919192689662,1.0,0.4442037497521014,1.0,1.0,0.45735381611264514,1.0
12c16g_10-4-4-tpcc-nan,tpcc,0.6161330994408508,0.909823484267076,0.531219164565289,0.9268172349523078,0.9682326499287359,1.0,1.0,0.9268172349523078,1.0
12c16g_100-4-4-tpcc-nan,tpcc,0.6224328593996841,0.9783188974233263,0.9783188974233263,0.9153456447131885,1.0,1.0,0.9783188974233263,0.9847469630113854,1.0
12c16g_50-4-4-tpcc-nan,tpcc,0.512204045366644,0.894998170699838,1.0,0.9688496315266816,0.894998170699838,0.9688496315266816,0.9688496315266816,0.9688496315266816,1.0
16c24g_10-4-4-tpcc-nan,tpcc,0.4943319085671808,1.0,0.48764170228582043,1.0,1.0,0.747258873815276,1.0,1.0,1.0
16c24g_100-4-4-tpcc-nan,tpcc,0.6739726027397259,0.9902152641878669,1.0,1.0,0.9902152641878669,0.9984344422700587,0.9911937377690802,0.8009784735812133,1.0
16c24g_50-4-4-tpcc-nan,tpcc,0.5214364488558036,0.9060518334711881,0.9060518334711881,0.9458229942100909,0.5991177281499862,0.9035704438930244,0.9308657292528261,0.9308657292528261,1.0
24c32g_10-4-4-tpcc-nan,tpcc,0.48533692887567803,1.0,0.8383538136242454,1.0,1.0,1.0,1.0,1.0,1.0
24c32g_100-4-4-tpcc-nan,tpcc,0.6399123836345145,0.7384807948056012,1.0,0.8773370883204257,0.982476726902918,1.0,0.9453962293671282,0.7424704685910976,1.0
24c32g_50-4-4-tpcc-nan,tpcc,0.5287410926365795,0.9058703766542247,0.6033254156769596,0.9404139803189684,0.9058703766542247,0.8874787919918562,0.9193756362402443,0.9193756362402443,1.0
32c64g_10-4-4-tpcc-nan,tpcc,0.47008367573403714,0.7773745613772005,0.41654920073178775,1.0,0.41654920073178775,0.7901808475542094,0.9766367753351527,1.0,1.0
32c64g_100-4-4-tpcc-nan,tpcc,0.6462811195299212,0.9147982062780269,0.9147982062780269,0.9371424153394154,0.9372970465439926,0.7105303850316994,0.9127106850162362,0.7105303850316994,1.0
32c64g_50-4-4-tpcc-nan,tpcc,0.5238256740715618,0.9062235034763438,1.0,0.9062235034763438,0.9022666892770336,1.0,0.8979141936577921,0.9583969249901081,1.0
4c6g_10-4-4-tpcc-nan,tpcc,0.5317915200268141,0.9506954918719623,1.0,0.9506954918719623,0.9506954918719623,0.9464052287581699,0.9578682755153342,0.9131221719457013,1.0
4c6g_100-4-4-tpcc-nan,tpcc,0.6432328320616342,0.7144973701755686,0.9191791984591451,0.8768056893103192,1.0,0.8768056893103192,1.0,0.8737684272909104,1.0
4c6g_50-4-4-tpcc-nan,tpcc,0.5509907086085302,0.6005821112728087,0.9960259711183252,0.962666517407366,1.0,0.962666517407366,1.0,0.962666517407366,1.0
88c190g_10-4-4-tpcc-nan,tpcc,0.4191097045613902,0.7336693892247341,0.6762872140840266,0.7336693892247341,0.7336693892247341,0.7336693892247341,1.0,0.7226022854327351,1.0
88c190g_100-4-4-tpcc-nan,tpcc,0.6442555229599473,0.9498293719691073,0.9498293719691073,0.9498293719691073,0.9343231754774591,0.9498293719691073,0.9498293719691073,0.9498293719691073,1.0
8c12g_10-4-4-tpcc-nan,tpcc,0.6185460438086723,0.9578956191327671,0.9578956191327671,0.9956973625391148,0.9605777827447474,0.9956973625391148,0.9956973625391148,0.9956973625391148,1.0
8c12g_100-4-4-tpcc-nan,tpcc,0.6285791610284167,0.9702841677943166,0.9702841677943166,0.9118267929634641,0.718809201623816,0.9810554803788903,0.9067929634641407,0.9810554803788903,1.0
8c12g_50-4-4-tpcc-nan,tpcc,0.5162439051114885,0.9224237111707665,0.9914534597052539,0.9914534597052539,0.808031556456473,0.9914534597052539,0.9914534597052539,0.9914534597052539,1.0
