held_out,workload,family,default,raw,embed,concordance,ot114,top5_direct,top1_direct,rf,oracle
12c16g_10-4-4-tpcc-nan,10-4-4-tpcc-nan,tpcc,0.6161330994408508,0.909823484267076,0.5367284289003399,0.9395899572415306,0.9268172349523078,1.0,1.0,1.0,1.0
16c24g_10-4-4-tpcc-nan,10-4-4-tpcc-nan,tpcc,0.4943319085671808,1.0,0.48764170228582043,1.0,0.9482995725701542,0.747258873815276,1.0,1.0,1.0
24c32g_10-4-4-tpcc-nan,10-4-4-tpcc-nan,tpcc,0.48533692887567803,1.0,0.8383538136242454,0.7933073882266418,0.7933073882266418,1.0,1.0,1.0,1.0
32c64g_10-4-4-tpcc-nan,10-4-4-tpcc-nan,tpcc,0.47008367573403714,0.7773745613772005,0.41654920073178775,0.8076657769246919,0.8076657769246919,0.7901808475542094,0.9766367753351527,1.0,1.0
4c6g_10-4-4-tpcc-nan,10-4-4-tpcc-nan,tpcc,0.5317915200268141,0.9506954918719623,0.5004860063683593,0.8017429193899781,0.8017429193899781,0.9464052287581699,0.9578682755153342,0.9578682755153342,1.0
88c190g_10-4-4-tpcc-nan,10-4-4-tpcc-nan,tpcc,0.4191097045613902,0.7336693892247341,0.6750554302715609,0.7336693892247341,0.6936837916200799,0.7336693892247341,1.0,0.3692887869772025,1.0
8c12g_10-4-4-tpcc-nan,10-4-4-tpcc-nan,tpcc,0.6185460438086723,0.9578956191327671,0.6611812695574429,0.9190601251676351,0.9684566383549396,0.9956973625391148,0.9956973625391148,0.9605777827447474,1.0
12c16g_100-4-4-tpcc-nan,100-4-4-tpcc-nan,tpcc,0.6224328593996841,1.0,1.0,1.0,1.0,1.0,0.9783188974233263,0.8483957073595905,1.0
16c24g_100-4-4-tpcc-nan,100-4-4-tpcc-nan,tpcc,0.6739726027397259,0.9454990215264187,0.9454990215264187,0.9454990215264187,0.9454990215264187,0.9454990215264187,0.9551859099804305,0.9911937377690802,1.0
24c32g_100-4-4-tpcc-nan,100-4-4-tpcc-nan,tpcc,0.6399123836345145,1.0,1.0,0.9176249706641634,0.9176249706641634,0.9176249706641634,1.0,0.9453962293671282,1.0
32c64g_100-4-4-tpcc-nan,100-4-4-tpcc-nan,tpcc,0.6462811195299212,1.0,1.0,0.9147982062780269,1.0,1.0,1.0,0.9127106850162362,1.0
4c6g_100-4-4-tpcc-nan,100-4-4-tpcc-nan,tpcc,0.6432328320616342,1.0,1.0,1.0,1.0,1.0,1.0,1.0,1.0
88c190g_100-4-4-tpcc-nan,100-4-4-tpcc-nan,tpcc,0.6442555229599473,0.8367359157037657,0.9498293719691073,0.9498293719691073,0.8367359157037657,0.9498293719691073,0.9498293719691073,0.9498293719691073,1.0
8c12g_100-4-4-tpcc-nan,100-4-4-tpcc-nan,tpcc,0.6285791610284167,0.9702841677943166,0.9702841677943166,0.9768876860622462,0.7092828146143436,0.9768876860622462,0.9067929634641407,0.6623004059539919,1.0
12c16g_50-4-4-tpcc-nan,50-4-4-tpcc-nan,tpcc,0.512204045366644,0.9688496315266816,0.9688496315266816,1.0,1.0,0.9688496315266816,0.9688496315266816,0.9688496315266816,1.0
16c24g_50-4-4-tpcc-nan,50-4-4-tpcc-nan,tpcc,0.5214364488558036,0.9458229942100909,0.844017094017094,0.8807554452715742,0.9060518334711881,0.9035704438930244,0.9308657292528261,0.9458229942100909,1.0
24c32g_50-4-4-tpcc-nan,50-4-4-tpcc-nan,tpcc,0.5287410926365795,0.9404139803189684,0.6033254156769596,0.8874787919918562,0.8874787919918562,0.8874787919918562,0.9193756362402443,0.9193756362402443,1.0
32c64g_50-4-4-tpcc-nan,50-4-4-tpcc-nan,tpcc,0.5238256740715618,1.0,0.9062235034763438,1.0,1.0,1.0,0.8979141936577921,1.0,1.0
4c6g_50-4-4-tpcc-nan,50-4-4-tpcc-nan,tpcc,0.5509907086085302,1.0,1.0,1.0,1.0,1.0,1.0,1.0,1.0
8c12g_50-4-4-tpcc-nan,50-4-4-tpcc-nan,tpcc,0.5162439051114885,0.9067002684490221,1.0,1.0,0.9067002684490221,0.9067002684490221,0.9914534597052539,0.5648934421738893,1.0
12c16g_64-100000-4-oltp_read_only-0.2,64-100000-4-oltp_read_only-0.2,oltp_read_only,0.500663173088176,0.99894672509525,0.99894672509525,0.9879978674434027,0.99894672509525,0.9951822425653096,0.9908261056135652,0.9914762753078554,1.0
16c24g_64-100000-4-oltp_read_only-0.2,64-100000-4-oltp_read_only-0.2,oltp_read_only,0.4576874537024335,0.9986282202529562,0.9856511838459217,0.9986282202529562,0.9986282202529562,0.9986282202529562,0.9966734341134187,0.9975033608603802,1.0
24c32g_64-100000-4-oltp_read_only-0.2,64-100000-4-oltp_read_only-0.2,oltp_read_only,0.4539901721250721,1.0,0.9942487715156341,0.993082054519999,1.0,0.9942487715156341,0.993082054519999,0.9925261481867846,1.0
32c64g_64-100000-4-oltp_read_only-0.2,64-100000-4-oltp_read_only-0.2,oltp_read_only,0.47712585872530644,1.0,1.0,0.9904677382243697,1.0,1.0,0.9908227328008414,0.9869046445123755,1.0
4c6g_64-100000-4-oltp_read_only-0.2,64-100000-4-oltp_read_only-0.2,oltp_read_only,0.4719681692569885,0.9783675880471758,0.9783675880471758,0.9841117878312591,0.9907522457376816,1.0,1.0,1.0,1.0
8c12g_64-100000-4-oltp_read_only-0.2,64-100000-4-oltp_read_only-0.2,oltp_read_only,0.48774864041839494,1.0,1.0,0.9990857696004948,0.9964506349195679,1.0,1.0,0.98765116732433,1.0
12c16g_64-100000-4-oltp_read_only-0.6,64-100000-4-oltp_read_only-0.6,oltp_read_only,0.6232190763941343,0.9987823301122599,0.9987823301122599,0.9927656083140155,0.9931758393457141,0.9969525694788112,0.9983200062511396,0.9969525694788112,1.0
16c24g_64-100000-4-oltp_read_only-0.6,64-100000-4-oltp_read_only-0.6,oltp_read_only,0.5657244229301466,0.9993949103710988,0.9966513789855123,0.9813728658557549,0.9851202959438368,0.9878500752924028,0.9993949103710988,0.99715332833676,1.0
24c32g_64-100000-4-oltp_read_only-0.6,64-100000-4-oltp_read_only-0.6,oltp_read_only,0.5838696075923994,0.9989493402271361,0.9989493402271361,0.9972627548022754,0.9949333314900706,0.9949333314900706,0.9989493402271361,0.9989493402271361,0.9989493402271361
32c64g_64-100000-4-oltp_read_only-0.6,64-100000-4-oltp_read_only-0.6,oltp_read_only,0.5933149647204267,0.9953574317259701,0.9953574317259701,0.9919774315944525,0.9919774315944525,0.9889788322559857,1.0,0.9953574317259701,1.0
4c6g_64-100000-4-oltp_read_only-0.6,64-100000-4-oltp_read_only-0.6,oltp_read_only,0.601622579765476,0.9828538314698665,0.9828538314698665,0.9948118352877012,0.9813948731933461,1.0,0.9815789473684211,1.0,1.0
8c12g_64-100000-4-oltp_read_only-0.6,64-100000-4-oltp_read_only-0.6,oltp_read_only,0.6157165096491934,0.9935247067665137,0.9935247067665137,0.9856067316209034,0.9750583782913278,0.9935247067665137,1.0,0.9935247067665137,1.0
12c16g_64-100000-4-oltp_read_only-1.0,64-100000-4-oltp_read_only-1.0,oltp_read_only,0.8903560732113145,0.9945690515806987,0.9831613976705491,0.9922728785357737,0.9945690515806987,0.996053244592346,0.996232945091514,0.8883194675540765,0.9967454242928452
16c24g_64-100000-4-oltp_read_only-1.0,64-100000-4-oltp_read_only-1.0,oltp_read_only,0.8651596981294037,0.9984906470188489,0.998233127078937,0.9888765692621339,0.998233127078937,0.9901498622983654,0.9959082942880646,0.8650667048177688,1.0
24c32g_64-100000-4-oltp_read_only-1.0,64-100000-4-oltp_read_only-1.0,oltp_read_only,0.8632134395864741,0.9927920166558977,0.9886567592792015,0.996855481369804,0.9894321200373322,0.9953550147174959,0.996855481369804,0.8582812836528106,0.996855481369804
32c64g_64-100000-4-oltp_read_only-1.0,64-100000-4-oltp_read_only-1.0,oltp_read_only,0.8788596151098957,0.9936395855866887,0.9941361740916853,0.9855853281905811,0.9936395855866887,0.9960817126181098,0.9960817126181098,0.8749141173989647,0.9973469929185119
4c6g_64-100000-4-oltp_read_only-1.0,64-100000-4-oltp_read_only-1.0,oltp_read_only,0.8705915217543123,0.9911166980934423,0.9899504155318108,0.9907675116977442,0.9911166980934423,0.9875968992248062,1.0,0.8606397094769187,1.0
8c12g_64-100000-4-oltp_read_only-1.0,64-100000-4-oltp_read_only-1.0,oltp_read_only,0.8907196812484436,0.9919966243324755,0.9919966243324755,0.9966312498270661,0.9919966243324755,0.9983329182922442,0.9983329182922442,0.8853448991450154,0.9983329182922442
12c16g_64-100000-4-oltp_read_write_20-0.2,64-100000-4-oltp_read_write_20-0.2,oltp_read_write_20,0.40040511155461556,1.0,0.9927020344940574,0.9990467963420809,0.9927020344940574,0.9927020344940574,0.9927020344940574,0.9927020344940574,1.0
16c24g_64-100000-4-oltp_read_write_20-0.2,64-100000-4-oltp_read_write_20-0.2,oltp_read_write_20,0.40513269618855424,0.9939458553859042,1.0,1.0,0.9786391501351711,0.9786391501351711,1.0,0.9939458553859042,1.0
24c32g_64-100000-4-oltp_read_write_20-0.2,64-100000-4-oltp_read_write_20-0.2,oltp_read_write_20,0.39188516746411484,0.9960574162679426,0.9893588516746412,0.9893588516746412,0.9960574162679426,0.9893588516746412,0.9960574162679426,0.9893588516746412,1.0
32c64g_64-100000-4-oltp_read_write_20-0.2,64-100000-4-oltp_read_write_20-0.2,oltp_read_write_20,0.40023329661071866,1.0,0.553139783552589,1.0,0.9793273281057612,0.9793273281057612,1.0,1.0,1.0
4c6g_64-100000-4-oltp_read_write_20-0.2,64-100000-4-oltp_read_write_20-0.2,oltp_read_write_20,0.45182640144665465,0.9934538878842676,1.0,0.9934538878842676,0.9934538878842676,1.0,1.0,0.9934538878842676,1.0
8c12g_64-100000-4-oltp_read_write_20-0.2,64-100000-4-oltp_read_write_20-0.2,oltp_read_write_20,0.4085259795705386,0.9736251225451441,0.9736251225451441,1.0,0.5637709117358718,0.9736251225451441,1.0,1.0,1.0
12c16g_64-100000-4-oltp_read_write_20-0.6,64-100000-4-oltp_read_write_20-0.6,oltp_read_write_20,0.521215171882865,0.9915020874663192,1.0,1.0,0.6324578805554733,0.9915020874663192,1.0,0.9864980901903888,1.0
16c24g_64-100000-4-oltp_read_write_20-0.6,64-100000-4-oltp_read_write_20-0.6,oltp_read_write_20,0.5177981375788525,0.9822394112346049,0.98276509462301,0.98276509462301,0.9822394112346049,0.9822394112346049,1.0,0.9822394112346049,1.0
24c32g_64-100000-4-oltp_read_write_20-0.6,64-100000-4-oltp_read_write_20-0.6,oltp_read_write_20,0.5148572089258874,1.0,0.998843796970748,0.998843796970748,0.9880911087987049,1.0,0.998843796970748,0.9880911087987049,1.0
32c64g_64-100000-4-oltp_read_write_20-0.6,64-100000-4-oltp_read_write_20-0.6,oltp_read_write_20,0.5146498819826908,0.9852084972462628,1.0,0.9852084972462628,0.663477576711251,0.9696616837136114,0.9852084972462628,1.0,1.0
4c6g_64-100000-4-oltp_read_write_20-0.6,64-100000-4-oltp_read_write_20-0.6,oltp_read_write_20,0.5767311072056239,1.0,0.9975746924428822,1.0,0.7373637961335676,1.0,0.9975746924428822,1.0,1.0
8c12g_64-100000-4-oltp_read_write_20-0.6,64-100000-4-oltp_read_write_20-0.6,oltp_read_write_20,0.5317760875791617,0.9939216497470005,0.9939216497470005,0.9939216497470005,0.673773987206823,0.9939216497470005,0.9939216497470005,1.0,1.0
12c16g_64-100000-4-oltp_read_write_20-1.0,64-100000-4-oltp_read_write_20-1.0,oltp_read_write_20,0.7495583261824239,0.8404421785876532,0.8404421785876532,0.895159254959366,0.9062137196506991,0.9318308010701124,0.9062137196506991,0.9062137196506991,0.9569935894200191
16c24g_64-100000-4-oltp_read_write_20-1.0,64-100000-4-oltp_read_write_20-1.0,oltp_read_write_20,0.7065765765765766,0.8005105105105105,0.7818918918918919,0.8262462462462462,0.8262462462462462,0.8262462462462462,0.8273573573573574,0.8262462462462462,0.8948648648648649
24c32g_64-100000-4-oltp_read_write_20-1.0,64-100000-4-oltp_read_write_20-1.0,oltp_read_write_20,0.7209930861093652,0.8181646763042112,0.7219673161533626,0.8702074167190446,0.8757071024512885,0.838874921433061,0.8757071024512885,0.8757071024512885,0.9524198617221874
32c64g_64-100000-4-oltp_read_write_20-1.0,64-100000-4-oltp_read_write_20-1.0,oltp_read_write_20,0.7134718583890739,0.7957221699432845,0.7865917241028509,0.8720211602533127,0.8870266283476181,0.8254279101706554,0.8720211602533127,0.8870266283476181,0.9341031053689055
4c6g_64-100000-4-oltp_read_write_20-1.0,64-100000-4-oltp_read_write_20-1.0,oltp_read_write_20,0.7257835566659097,0.8159777424483307,0.7319157392686805,0.9595446286622757,0.9595446286622757,0.9595446286622757,0.9609641153758801,0.9595446286622757,0.9609641153758801
8c12g_64-100000-4-oltp_read_write_20-1.0,64-100000-4-oltp_read_write_20-1.0,oltp_read_write_20,0.7260709722837849,0.8282533308997994,0.8253070164002816,0.8947670325659011,0.8947670325659011,0.8858498683284228,0.8858498683284228,0.8858498683284228,0.9336948869710324
12c16g_64-100000-4-oltp_read_write_5-0.2,64-100000-4-oltp_read_write_5-0.2,oltp_read_write_5,0.26995889899115705,1.0,0.9999377257441773,1.0,0.9999377257441773,1.0,1.0,1.0,1.0
16c24g_64-100000-4-oltp_read_write_5-0.2,64-100000-4-oltp_read_write_5-0.2,oltp_read_write_5,0.23294843290540052,1.0,0.9368141719859427,0.9786272681632359,1.0,1.0,1.0,1.0,1.0
24c32g_64-100000-4-oltp_read_write_5-0.2,64-100000-4-oltp_read_write_5-0.2,oltp_read_write_5,0.23054878922481728,0.9884653961885655,0.9407508239002722,0.963676744519272,0.9884653961885655,0.9884653961885655,0.9884653961885655,0.9884653961885655,1.0
32c64g_64-100000-4-oltp_read_write_5-0.2,64-100000-4-oltp_read_write_5-0.2,oltp_read_write_5,0.25056490082852123,0.9215415515942756,0.9849987446648256,1.0,1.0,1.0,0.9849987446648256,1.0,1.0
4c6g_64-100000-4-oltp_read_write_5-0.2,64-100000-4-oltp_read_write_5-0.2,oltp_read_write_5,0.30505387767491277,1.0,1.0,0.9995446957049628,0.9995446957049628,1.0,0.9995446957049628,0.9995446957049628,1.0
8c12g_64-100000-4-oltp_read_write_5-0.2,64-100000-4-oltp_read_write_5-0.2,oltp_read_write_5,0.271958231445377,0.9862533870861145,1.0,0.9862533870861145,0.9862533870861145,0.9862533870861145,1.0,0.9862533870861145,1.0
12c16g_64-100000-4-oltp_read_write_5-0.6,64-100000-4-oltp_read_write_5-0.6,oltp_read_write_5,0.3315672745194677,1.0,0.9029078363725974,1.0,0.9924223755544603,1.0,0.9924223755544603,0.9953794972893051,1.0
16c24g_64-100000-4-oltp_read_write_5-0.6,64-100000-4-oltp_read_write_5-0.6,oltp_read_write_5,0.2861257109943121,1.0,0.9164086687306503,0.9748002015983872,1.0,1.0,0.9892720858233135,0.9892720858233135,1.0
24c32g_64-100000-4-oltp_read_write_5-0.6,64-100000-4-oltp_read_write_5-0.6,oltp_read_write_5,0.28852981667995076,0.9967393667125571,0.931599159481197,0.9823925802478083,0.9967393667125571,0.9967393667125571,1.0,0.9967393667125571,1.0
32c64g_64-100000-4-oltp_read_write_5-0.6,64-100000-4-oltp_read_write_5-0.6,oltp_read_write_5,0.3104515314177455,1.0,0.910198926428797,0.998484370066309,0.910198926428797,1.0,0.998484370066309,0.998484370066309,1.0
4c6g_64-100000-4-oltp_read_write_5-0.6,64-100000-4-oltp_read_write_5-0.6,oltp_read_write_5,0.3778218986690198,1.0,1.0,0.9933818663136995,0.981616295315832,1.0,0.981616295315832,0.981616295315832,1.0
8c12g_64-100000-4-oltp_read_write_5-0.6,64-100000-4-oltp_read_write_5-0.6,oltp_read_write_5,0.3378051174661344,0.9967279628296577,0.9048491590864473,0.9818074733328971,0.9967279628296577,0.9967279628296577,0.9967279628296577,0.9967279628296577,1.0
12c16g_64-100000-4-oltp_read_write_5-1.0,64-100000-4-oltp_read_write_5-1.0,oltp_read_write_5,0.5864406779661018,0.9409770687936192,0.9274842140245929,0.9870388833499503,0.9870388833499503,1.0,1.0,0.6204719175805916,1.0
16c24g_64-100000-4-oltp_read_write_5-1.0,64-100000-4-oltp_read_write_5-1.0,oltp_read_write_5,0.5047325894574837,0.9072720277029628,0.9085032704886495,0.9886110042323971,0.9869180454020778,0.9869180454020778,0.9886110042323971,0.5345902270103886,1.0
24c32g_64-100000-4-oltp_read_write_5-1.0,64-100000-4-oltp_read_write_5-1.0,oltp_read_write_5,0.5035862589656475,0.8856172140430352,0.9862589656474142,0.9862589656474142,0.9862589656474142,1.0,0.9862589656474142,0.5378633446583616,1.0
32c64g_64-100000-4-oltp_read_write_5-1.0,64-100000-4-oltp_read_write_5-1.0,oltp_read_write_5,0.5594749242679232,0.9193537529451362,0.9088522383036014,0.9971053517334231,0.9971053517334231,0.9971053517334231,1.0,0.9971053517334231,1.0
4c6g_64-100000-4-oltp_read_write_5-1.0,64-100000-4-oltp_read_write_5-1.0,oltp_read_write_5,0.6755627009646302,0.9586012861736334,1.0,1.0,0.9586012861736334,0.9971864951768488,1.0,0.9971864951768488,1.0
8c12g_64-100000-4-oltp_read_write_5-1.0,64-100000-4-oltp_read_write_5-1.0,oltp_read_write_5,0.5886294702687451,0.9490019044931931,0.9997883896452,0.9997883896452,0.6164209635324821,0.9997883896452,0.9918882697326655,0.9997883896452,1.0
12c16g_64-100000-4-oltp_read_write_50-0.2,64-100000-4-oltp_read_write_50-0.2,oltp_read_write_50,0.4540931955115804,0.9971809186888508,0.8095738212370792,0.8827041070145376,0.9881432756619313,0.9971809186888508,1.0,1.0,1.0
16c24g_64-100000-4-oltp_read_write_50-0.2,64-100000-4-oltp_read_write_50-0.2,oltp_read_write_50,0.44124036440084097,0.995480028030834,0.9029782761037141,0.9208829712683952,0.995480028030834,0.995480028030834,0.995480028030834,0.995480028030834,1.0
24c32g_64-100000-4-oltp_read_write_50-0.2,64-100000-4-oltp_read_write_50-0.2,oltp_read_write_50,0.4422397966388928,1.0,0.894259285411665,0.9987996045756248,0.9996469425222425,1.0,0.9996469425222425,1.0,1.0
32c64g_64-100000-4-oltp_read_write_50-0.2,64-100000-4-oltp_read_write_50-0.2,oltp_read_write_50,0.44033291766957633,0.9154655917408578,0.9224835426152018,0.8960937273439087,0.9944610387727287,0.9944610387727287,0.9944610387727287,1.0,1.0
4c6g_64-100000-4-oltp_read_write_50-0.2,64-100000-4-oltp_read_write_50-0.2,oltp_read_write_50,0.497104965227236,1.0,0.5472100921882581,0.9663270257156721,0.9896813844412098,1.0,0.9966682840045287,0.9777130842633026,1.0
8c12g_64-100000-4-oltp_read_write_50-0.2,64-100000-4-oltp_read_write_50-0.2,oltp_read_write_50,0.4518168389955687,0.9170457902511079,0.5070014771048744,0.8968094534711964,0.8968094534711964,1.0,0.9938847858197932,1.0,1.0
12c16g_64-100000-4-oltp_read_write_50-0.6,64-100000-4-oltp_read_write_50-0.6,oltp_read_write_50,0.5581314135281793,0.9782410143448128,0.9902487508730458,0.9869446086068876,0.7067640896147854,0.9894965884059529,1.0,0.9944662332778166,1.0
16c24g_64-100000-4-oltp_read_write_50-0.6,64-100000-4-oltp_read_write_50-0.6,oltp_read_write_50,0.5361241737643462,0.9232464073136243,0.9232464073136243,0.9897069946397449,0.9543556184024466,1.0,0.9728698740504456,0.9543556184024466,1.0
24c32g_64-100000-4-oltp_read_write_50-0.6,64-100000-4-oltp_read_write_50-0.6,oltp_read_write_50,0.5511900655398413,1.0,1.0,0.9984822352535357,0.9824767161090031,0.9984822352535357,1.0,1.0,1.0
32c64g_64-100000-4-oltp_read_write_50-0.6,64-100000-4-oltp_read_write_50-0.6,oltp_read_write_50,0.5375624629457102,0.9579910222749217,0.9580757177945287,0.9825527229609553,0.9579910222749217,0.9825527229609553,0.9825527229609553,0.9552807656474973,1.0
4c6g_64-100000-4-oltp_read_write_50-0.6,64-100000-4-oltp_read_write_50-0.6,oltp_read_write_50,0.525158104959503,1.0,0.8709919005880395,1.0,0.8509097969599467,0.9584489071341397,0.9705148119383114,0.8509097969599467,1.0
8c12g_64-100000-4-oltp_read_write_50-0.6,64-100000-4-oltp_read_write_50-0.6,oltp_read_write_50,0.5438658960804186,0.9362075104768688,0.9362075104768688,0.9599824700758718,0.9316606864060917,0.9599824700758718,0.9744172669752664,0.9362075104768688,1.0
12c16g_64-100000-4-oltp_read_write_50-1.0,64-100000-4-oltp_read_write_50-1.0,oltp_read_write_50,0.5485181727011792,0.7662793512466715,0.9899194245599474,0.9899194245599474,0.7662793512466715,1.0,0.9899194245599474,0.7872531728740879,1.0
16c24g_64-100000-4-oltp_read_write_50-1.0,64-100000-4-oltp_read_write_50-1.0,oltp_read_write_50,0.5704134804087433,0.6537411743475221,0.9935034174731001,0.9935034174731001,0.8089824276465678,0.9935034174731001,0.9935034174731001,0.9935034174731001,1.0
24c32g_64-100000-4-oltp_read_write_50-1.0,64-100000-4-oltp_read_write_50-1.0,oltp_read_write_50,0.5483999292786421,0.8372303748231965,1.0,0.9967733380480904,0.8022675035360678,1.0,0.9967733380480904,1.0,1.0
32c64g_64-100000-4-oltp_read_write_50-1.0,64-100000-4-oltp_read_write_50-1.0,oltp_read_write_50,0.5527838902346568,0.6613103052941068,0.9930102257808022,0.9930102257808022,0.8022337691155532,1.0,0.8690064535216998,0.9930102257808022,1.0
4c6g_64-100000-4-oltp_read_write_50-1.0,64-100000-4-oltp_read_write_50-1.0,oltp_read_write_50,0.5841098169717137,0.8171173044925125,0.9632071547420965,1.0,0.8265391014975041,1.0,1.0,1.0,1.0
8c12g_64-100000-4-oltp_read_write_50-1.0,64-100000-4-oltp_read_write_50-1.0,oltp_read_write_50,0.54851779574389,0.8388439736084007,0.9790168199981415,1.0,0.6549019607843138,1.0,0.9790168199981415,0.7404888021559336,1.0
12c16g_64-100000-4-oltp_read_write_80-0.2,64-100000-4-oltp_read_write_80-0.2,oltp_read_write_80,0.43661925887265135,0.9796777139874738,0.9779325417536535,0.9796777139874738,0.9796777139874738,0.9796777139874738,1.0,0.9779325417536535,1.0
16c24g_64-100000-4-oltp_read_write_80-0.2,64-100000-4-oltp_read_write_80-0.2,oltp_read_write_80,0.4119344391009913,1.0,0.5815879870448524,0.9761507508096968,1.0,0.9532633231916773,1.0,1.0,1.0
24c32g_64-100000-4-oltp_read_write_80-0.2,64-100000-4-oltp_read_write_80-0.2,oltp_read_write_80,0.4225079073563922,0.9829609223548617,0.61067238036935,0.9762473217018672,0.9829609223548617,0.7842056932966024,0.987756351392715,0.987756351392715,1.0
32c64g_64-100000-4-oltp_read_write_80-0.2,64-100000-4-oltp_read_write_80-0.2,oltp_read_write_80,0.4296293677866347,0.928347973629792,0.928347973629792,0.9425758673712862,1.0,0.928347973629792,0.928347973629792,0.928347973629792,1.0
4c6g_64-100000-4-oltp_read_write_80-0.2,64-100000-4-oltp_read_write_80-0.2,oltp_read_write_80,0.49070933939849315,0.6825132506143005,0.6825132506143005,0.97711349836525,0.9944966797311293,0.9944966797311293,0.9944966797311293,1.0,1.0
8c12g_64-100000-4-oltp_read_write_80-0.2,64-100000-4-oltp_read_write_80-0.2,oltp_read_write_80,0.42915676755156146,0.9968494990186964,0.5939296904589746,1.0,0.9968494990186964,0.9968494990186964,0.966566814722997,0.9968494990186964,1.0
12c16g_64-100000-4-oltp_read_write_80-0.6,64-100000-4-oltp_read_write_80-0.6,oltp_read_write_80,0.5099628559636814,0.9885761452744533,0.7758151052414363,1.0,0.9885761452744533,0.9885761452744533,0.9904416013206769,0.9885761452744533,1.0
16c24g_64-100000-4-oltp_read_write_80-0.6,64-100000-4-oltp_read_write_80-0.6,oltp_read_write_80,0.4779068134865716,1.0,1.0,0.9787391940951121,1.0,1.0,1.0,0.9750285817437873,1.0
24c32g_64-100000-4-oltp_read_write_80-0.6,64-100000-4-oltp_read_write_80-0.6,oltp_read_write_80,0.49952566670180243,0.9837040160219247,0.9636344471381891,0.9837040160219247,0.9837040160219247,0.9837040160219247,0.9978707705280909,0.9636344471381891,1.0
32c64g_64-100000-4-oltp_read_write_80-0.6,64-100000-4-oltp_read_write_80-0.6,oltp_read_write_80,0.48728112505170273,0.994605680408107,0.994605680408107,0.9906935061353923,1.0,0.7484144491934371,0.994605680408107,0.994605680408107,1.0
4c6g_64-100000-4-oltp_read_write_80-0.6,64-100000-4-oltp_read_write_80-0.6,oltp_read_write_80,0.5574740304014759,0.8433802590943729,1.0,1.0,1.0,1.0,1.0,1.0,1.0
8c12g_64-100000-4-oltp_read_write_80-0.6,64-100000-4-oltp_read_write_80-0.6,oltp_read_write_80,0.4973791194533345,0.982648559813165,1.0,0.982648559813165,0.982648559813165,0.982648559813165,1.0,0.982648559813165,1.0
12c16g_64-100000-4-oltp_read_write_80-1.0,64-100000-4-oltp_read_write_80-1.0,oltp_read_write_80,0.46626371841574055,0.6917213856469988,1.0,0.7082994965080396,0.6962342513747418,1.0,0.9883988027564444,0.6917213856469988,1.0
16c24g_64-100000-4-oltp_read_write_80-1.0,64-100000-4-oltp_read_write_80-1.0,oltp_read_write_80,0.42540109774118645,0.6369273801984379,1.0,0.6369273801984379,0.6357135317711632,1.0,1.0,0.6369273801984379,1.0
24c32g_64-100000-4-oltp_read_write_80-1.0,64-100000-4-oltp_read_write_80-1.0,oltp_read_write_80,0.4254534952484425,0.6319227648426003,1.0,1.0,0.6325141308981888,1.0,1.0,1.0,1.0
32c64g_64-100000-4-oltp_read_write_80-1.0,64-100000-4-oltp_read_write_80-1.0,oltp_read_write_80,0.4473351766220146,0.6696381751442055,1.0,0.6796133860895266,0.6696381751442055,1.0,1.0,0.6696381751442055,1.0
4c6g_64-100000-4-oltp_read_write_80-1.0,64-100000-4-oltp_read_write_80-1.0,oltp_read_write_80,0.5278522707398123,0.7438494723954994,1.0,0.7438494723954994,0.7438494723954994,1.0,1.0,0.7438494723954994,1.0
8c12g_64-100000-4-oltp_read_write_80-1.0,64-100000-4-oltp_read_write_80-1.0,oltp_read_write_80,0.47475655430711605,0.6953058676654182,1.0,0.6953058676654182,0.6953058676654182,0.9960174781523096,1.0,0.6892259675405743,1.0
12c16g_64-100000-4-oltp_read_write_95-0.2,64-100000-4-oltp_read_write_95-0.2,oltp_read_write_95,0.4315363972961038,1.0,1.0,0.9934101022453209,1.0,1.0,0.9962634600360067,1.0,1.0
16c24g_64-100000-4-oltp_read_write_95-0.2,64-100000-4-oltp_read_write_95-0.2,oltp_read_write_95,0.3987406983400114,0.9857279145201298,0.9857279145201298,0.9924823506964319,1.0,1.0,1.0,1.0,1.0
24c32g_64-100000-4-oltp_read_write_95-0.2,64-100000-4-oltp_read_write_95-0.2,oltp_read_write_95,0.3960936598869622,0.9994232765581146,1.0,1.0,0.995386212464916,0.9994232765581146,1.0,1.0,1.0
32c64g_64-100000-4-oltp_read_write_95-0.2,64-100000-4-oltp_read_write_95-0.2,oltp_read_write_95,0.40860362836723474,1.0,0.9977666300164925,0.991478834524464,0.9977666300164925,0.9890736668499175,1.0,0.9977666300164925,1.0
4c6g_64-100000-4-oltp_read_write_95-0.2,64-100000-4-oltp_read_write_95-0.2,oltp_read_write_95,0.453312592238044,0.9985640780184276,0.9985640780184276,1.0,0.9985640780184276,0.9985640780184276,1.0,0.9985640780184276,1.0
8c12g_64-100000-4-oltp_read_write_95-0.2,64-100000-4-oltp_read_write_95-0.2,oltp_read_write_95,0.4308381955315213,0.994307670414117,1.0,0.994307670414117,0.994307670414117,0.9961221004696172,0.9961221004696172,1.0,1.0
12c16g_64-100000-4-oltp_read_write_95-0.6,64-100000-4-oltp_read_write_95-0.6,oltp_read_write_95,0.5307170672754129,1.0,1.0,0.9892909896602659,0.614408486638915,0.9759970457902511,1.0,0.9892909896602659,1.0
16c24g_64-100000-4-oltp_read_write_95-0.6,64-100000-4-oltp_read_write_95-0.6,oltp_read_write_95,0.4915092174711237,0.9843953185955787,0.9943777250822307,0.9843953185955787,0.5895356842346822,1.0,0.5895356842346822,0.9843953185955787,1.0
24c32g_64-100000-4-oltp_read_write_95-0.6,64-100000-4-oltp_read_write_95-0.6,oltp_read_write_95,0.4866431258156137,0.9928609810393797,0.9891379442695938,0.9928609810393797,0.9891379442695938,0.8889997697090657,0.9891379442695938,0.9891379442695938,1.0
32c64g_64-100000-4-oltp_read_write_95-0.6,64-100000-4-oltp_read_write_95-0.6,oltp_read_write_95,0.5003431237990666,0.9991078781224266,0.9991078781224266,1.0,0.9991078781224266,0.9891229755695855,0.5927806752676366,0.9991078781224266,1.0
4c6g_64-100000-4-oltp_read_write_95-0.6,64-100000-4-oltp_read_write_95-0.6,oltp_read_write_95,0.5603851224481643,1.0,1.0,0.9876553074188007,0.9876553074188007,0.9876553074188007,1.0,1.0,1.0
8c12g_64-100000-4-oltp_read_write_95-0.6,64-100000-4-oltp_read_write_95-0.6,oltp_read_write_95,0.5297724533919331,0.9848302261288723,0.9848302261288723,0.9777061033529455,0.9848302261288723,0.9777061033529455,0.9777061033529455,0.9963847735166939,1.0
12c16g_64-100000-4-oltp_read_write_95-1.0,64-100000-4-oltp_read_write_95-1.0,oltp_read_write_95,0.7413426846950131,0.9969653033010757,0.9694844387497049,0.9969653033010757,0.9694844387497049,0.9589641568601004,1.0,0.9694844387497049,1.0
16c24g_64-100000-4-oltp_read_write_95-1.0,64-100000-4-oltp_read_write_95-1.0,oltp_read_write_95,0.7182774238120825,0.9821140707760804,0.9975819451907577,0.9821140707760804,0.9821140707760804,0.9515237583480463,1.0,1.0,1.0
24c32g_64-100000-4-oltp_read_write_95-1.0,64-100000-4-oltp_read_write_95-1.0,oltp_read_write_95,0.7157243953651139,0.996033906213547,1.0,0.996033906213547,0.996033906213547,0.9931565440547476,0.996033906213547,1.0,1.0
32c64g_64-100000-4-oltp_read_write_95-1.0,64-100000-4-oltp_read_write_95-1.0,oltp_read_write_95,0.7303231579309634,0.99139622122036,0.9739133427401315,1.0,0.99139622122036,0.9683725092060433,0.8342223904738961,0.9683725092060433,1.0
4c6g_64-100000-4-oltp_read_write_95-1.0,64-100000-4-oltp_read_write_95-1.0,oltp_read_write_95,0.737913779830639,1.0,0.9790608160123172,0.9790608160123172,0.9790608160123172,0.9790608160123172,1.0,0.9790608160123172,1.0
8c12g_64-100000-4-oltp_read_write_95-1.0,64-100000-4-oltp_read_write_95-1.0,oltp_read_write_95,0.7564584900928016,0.9833028772080692,0.9874234118026444,0.99871009351822,0.9874234118026444,0.9766025296499338,0.9905048550646746,0.9874234118026444,1.0
12c16g_64-100000-4-oltp_write_only-0.2,64-100000-4-oltp_write_only-0.2,oltp_write_only,0.5098404724996566,0.972715499480015,0.972715499480015,0.972715499480015,0.972715499480015,0.8831897651237173,0.972715499480015,0.972715499480015,1.0
16c24g_64-100000-4-oltp_write_only-0.2,64-100000-4-oltp_write_only-0.2,oltp_write_only,0.5017569747520852,0.9687621143721786,0.9687621143721786,0.9687621143721786,0.9687621143721786,0.9046731776857955,0.9687621143721786,0.9687621143721786,1.0
24c32g_64-100000-4-oltp_write_only-0.2,64-100000-4-oltp_write_only-0.2,oltp_write_only,0.4879340481594532,0.9781247554198952,0.9781247554198952,0.9781247554198952,0.9781247554198952,0.9781247554198952,1.0,0.9781247554198952,1.0
32c64g_64-100000-4-oltp_write_only-0.2,64-100000-4-oltp_write_only-0.2,oltp_write_only,0.4902499005091889,0.9576934458514882,0.9576934458514882,0.9576934458514882,0.9576934458514882,0.8441820834906478,0.9576934458514882,0.9576934458514882,1.0
4c6g_64-100000-4-oltp_write_only-0.2,64-100000-4-oltp_write_only-0.2,oltp_write_only,0.515910551207643,0.9735824810137248,0.9735824810137248,0.9735824810137248,0.9735824810137248,0.9187145159421511,0.9735824810137248,1.0,1.0
8c12g_64-100000-4-oltp_write_only-0.2,64-100000-4-oltp_write_only-0.2,oltp_write_only,0.4888922110928389,1.0,0.9557582099965117,0.9557582099965117,1.0,0.8422983006926795,0.9557582099965117,0.9557582099965117,1.0
12c16g_64-100000-4-oltp_write_only-0.6,64-100000-4-oltp_write_only-0.6,oltp_write_only,0.4803339982212091,1.0,0.9730331839494339,1.0,1.0,0.9730331839494339,1.0,1.0,1.0
16c24g_64-100000-4-oltp_write_only-0.6,64-100000-4-oltp_write_only-0.6,oltp_write_only,0.46048472075869334,1.0,1.0,1.0,1.0,0.9856136653541124,1.0,0.9856136653541124,1.0
24c32g_64-100000-4-oltp_write_only-0.6,64-100000-4-oltp_write_only-0.6,oltp_write_only,0.45592474070039263,0.9873584348970745,1.0,1.0,0.9873584348970745,1.0,1.0,0.9873584348970745,1.0
32c64g_64-100000-4-oltp_write_only-0.6,64-100000-4-oltp_write_only-0.6,oltp_write_only,0.4782855199002155,1.0,1.0,1.0,0.9920058963601315,1.0,0.9920058963601315,1.0,1.0
4c6g_64-100000-4-oltp_write_only-0.6,64-100000-4-oltp_write_only-0.6,oltp_write_only,0.46603763421553485,1.0,1.0,1.0,1.0,0.7023557295220311,0.9853485115093187,1.0,1.0
8c12g_64-100000-4-oltp_write_only-0.6,64-100000-4-oltp_write_only-0.6,oltp_write_only,0.4514245188856007,1.0,0.9746878666363142,0.9746878666363142,1.0,0.9746878666363142,1.0,1.0,1.0
12c16g_64-100000-4-oltp_write_only-1.0,64-100000-4-oltp_write_only-1.0,oltp_write_only,0.30288405004269064,1.0,1.0,1.0,0.9863338667539227,1.0,1.0,1.0,1.0
16c24g_64-100000-4-oltp_write_only-1.0,64-100000-4-oltp_write_only-1.0,oltp_write_only,0.29932926420283046,1.0,1.0,1.0,1.0,1.0,1.0,1.0,1.0
24c32g_64-100000-4-oltp_write_only-1.0,64-100000-4-oltp_write_only-1.0,oltp_write_only,0.2898914797782325,1.0,1.0,1.0,0.9775598819580911,1.0,1.0,1.0,1.0
32c64g_64-100000-4-oltp_write_only-1.0,64-100000-4-oltp_write_only-1.0,oltp_write_only,0.29974013048767006,0.9981975008293708,0.9981975008293708,0.9981975008293708,1.0,0.9981975008293708,0.9981975008293708,1.0,1.0
4c6g_64-100000-4-oltp_write_only-1.0,64-100000-4-oltp_write_only-1.0,oltp_write_only,0.30679003268897964,0.9837912429730005,0.9837912429730005,0.9837912429730005,0.9837912429730005,0.9837912429730005,0.9837912429730005,0.9837912429730005,1.0
8c12g_64-100000-4-oltp_write_only-1.0,64-100000-4-oltp_write_only-1.0,oltp_write_only,0.3015322007829231,1.0,1.0,1.0,1.0,1.0,1.0,1.0,1.0
12c16g_64-1000000-4-oltp_read_only-0.2,64-1000000-4-oltp_read_only-0.2,oltp_read_only,0.8239274597374475,0.9976767266657645,0.9624216177200343,0.986917489962557,0.9822258311905084,0.9976767266657645,0.935828032661163,0.9976767266657645,0.9976767266657645
16c24g_64-1000000-4-oltp_read_only-0.2,64-1000000-4-oltp_read_only-0.2,oltp_read_only,0.818595948914016,0.9557742888906966,0.9764093386480109,0.9557742888906966,0.9557742888906966,0.9918110577835624,0.9557742888906966,0.9496732557824236,0.9918110577835624
24c32g_64-1000000-4-oltp_read_only-0.2,64-1000000-4-oltp_read_only-0.2,oltp_read_only,0.8138190776227585,1.0,0.9634744297320984,0.9906198924603832,0.9634744297320984,0.9924674894000047,1.0,1.0,1.0
32c64g_64-1000000-4-oltp_read_only-0.2,64-1000000-4-oltp_read_only-0.2,oltp_read_only,0.8139086388772713,0.9716064872903016,0.9852920674752544,0.9852920674752544,0.985640596682002,0.9887076537013801,0.9852920674752544,0.985640596682002,0.9895441237975743
4c6g_64-1000000-4-oltp_read_only-0.2,64-1000000-4-oltp_read_only-0.2,oltp_read_only,0.819761680322916,0.9909361177579581,0.9909361177579581,0.9909361177579581,0.9909361177579581,0.9909361177579581,0.9909361177579581,0.9909361177579581,0.9981147124936552
88c190g_64-1000000-4-oltp_read_only-0.2,64-1000000-4-oltp_read_only-0.2,oltp_read_only,0.8339443476170442,0.9834725644569986,0.9834725644569986,0.9834725644569986,0.9667848628723681,0.9917663321113047,0.9834725644569986,0.9834725644569986,0.9917663321113047
8c12g_64-1000000-4-oltp_read_only-0.2,64-1000000-4-oltp_read_only-0.2,oltp_read_only,0.8135291198628593,0.9632110795326386,0.9994812108088601,0.9865340370821492,0.9994812108088601,0.9632110795326386,0.9632110795326386,0.9632110795326386,0.9994812108088601
12c16g_64-1000000-4-oltp_read_only-0.6,64-1000000-4-oltp_read_only-0.6,oltp_read_only,0.7614198214153938,0.9826950040587411,0.9877499815511771,1.0,0.9877499815511771,0.9662940004427718,0.9877499815511771,0.9948158807468085,1.0
16c24g_64-1000000-4-oltp_read_only-0.6,64-1000000-4-oltp_read_only-0.6,oltp_read_only,0.7617497323398955,0.9869775165512268,0.9869775165512268,0.9834596980357025,0.9899709397600891,0.9824764568357113,0.9869775165512268,0.9908449319378592,0.9958266873511481
24c32g_64-1000000-4-oltp_read_only-0.6,64-1000000-4-oltp_read_only-0.6,oltp_read_only,0.7704536346113475,1.0,0.9411248306265386,0.9837210633790722,0.9845226053932327,0.9766980285883318,0.9669459340827116,1.0,1.0
32c64g_64-1000000-4-oltp_read_only-0.6,64-1000000-4-oltp_read_only-0.6,oltp_read_only,0.7677643309685497,0.986494176562085,0.9796274517242689,1.0,0.986494176562085,0.9411396486968399,0.986494176562085,0.9927728669524641,1.0
4c6g_64-1000000-4-oltp_read_only-0.6,64-1000000-4-oltp_read_only-0.6,oltp_read_only,0.7804834413390053,0.9810161809724486,0.9810161809724486,1.0,0.9810161809724486,0.9810161809724486,1.0,0.9810161809724486,1.0
88c190g_64-1000000-4-oltp_read_only-0.6,64-1000000-4-oltp_read_only-0.6,oltp_read_only,0.7829669418747306,0.9864716999900528,0.997546337743294,0.974468649491031,0.974468649491031,0.9835206737623927,0.9835206737623927,0.9864716999900528,0.997546337743294
8c12g_64-1000000-4-oltp_read_only-0.6,64-1000000-4-oltp_read_only-0.6,oltp_read_only,0.7733263928910041,0.9773939878418323,0.9773939878418323,0.9801639679500289,0.9773939878418323,0.9773939878418323,0.9773939878418323,0.9774125783123572,0.9905374505028723
12c16g_64-1000000-4-oltp_read_only-1.0,64-1000000-4-oltp_read_only-1.0,oltp_read_only,0.8281984233430147,0.9536073024113011,0.9536073024113011,0.9607958547622955,1.0,0.9887491918909271,0.9858448237598543,0.9858448237598543,1.0
16c24g_64-1000000-4-oltp_read_only-1.0,64-1000000-4-oltp_read_only-1.0,oltp_read_only,0.8245320364191596,0.9652773850590964,1.0,0.9768478199400554,0.9652773850590964,1.0,0.9927161680710287,0.9652773850590964,1.0
24c32g_64-1000000-4-oltp_read_only-1.0,64-1000000-4-oltp_read_only-1.0,oltp_read_only,0.8307374839271641,0.9953751710979302,0.9597349537517109,0.9874528184495417,0.9513563399560331,0.9841345555601642,0.9597349537517109,0.9513563399560331,1.0
32c64g_64-1000000-4-oltp_read_only-1.0,64-1000000-4-oltp_read_only-1.0,oltp_read_only,0.8364435137853873,1.0,1.0,0.9846749194227176,1.0,1.0,0.9059144751698794,0.9936051405226746,1.0
4c6g_64-1000000-4-oltp_read_only-1.0,64-1000000-4-oltp_read_only-1.0,oltp_read_only,0.844950829614868,0.9935450331412727,0.9935450331412727,0.9876640817917948,0.9705085994021574,0.9854871550491703,0.9931551358142355,0.9935450331412727,1.0
88c190g_64-1000000-4-oltp_read_only-1.0,64-1000000-4-oltp_read_only-1.0,oltp_read_only,0.6697271519980684,0.9889713871785585,0.9958227695279489,0.9782385609078836,0.9889713871785585,0.9958227695279489,0.9958227695279489,0.9870457563684657,1.0
8c12g_64-1000000-4-oltp_read_only-1.0,64-1000000-4-oltp_read_only-1.0,oltp_read_only,0.832093079382957,1.0,1.0,0.9984714708071036,0.9794855292532331,0.9891997345186139,0.9299290038414353,1.0,1.0
12c16g_64-1000000-4-oltp_read_write_20-0.2,64-1000000-4-oltp_read_write_20-0.2,oltp_read_write_20,0.6081911262798635,1.0,1.0,1.0,1.0,1.0,0.9883959044368601,0.9883959044368601,1.0
16c24g_64-1000000-4-oltp_read_write_20-0.2,64-1000000-4-oltp_read_write_20-0.2,oltp_read_write_20,0.5408958130477117,0.9605647517039922,0.9605647517039922,0.9605647517039922,0.9605647517039922,0.9605647517039922,0.9605647517039922,0.9255111976630965,1.0
24c32g_64-1000000-4-oltp_read_write_20-0.2,64-1000000-4-oltp_read_write_20-0.2,oltp_read_write_20,0.5814230425721941,0.9588171082663492,0.9588171082663492,0.8670239158479707,0.8670239158479707,0.9588171082663492,0.9588171082663492,0.9588171082663492,1.0
32c64g_64-1000000-4-oltp_read_write_20-0.2,64-1000000-4-oltp_read_write_20-0.2,oltp_read_write_20,0.585895506342722,0.9185121479251774,0.9185121479251774,0.9185121479251774,0.9929047516663083,0.949043216512578,0.9185121479251774,0.8890561169640938,1.0
4c6g_64-1000000-4-oltp_read_write_20-0.2,64-1000000-4-oltp_read_write_20-0.2,oltp_read_write_20,0.5857447456594578,0.8899380647781502,0.8899380647781502,0.8899380647781502,0.969336988526754,0.8899380647781502,1.0,0.8899380647781502,1.0
88c190g_64-1000000-4-oltp_read_write_20-0.2,64-1000000-4-oltp_read_write_20-0.2,oltp_read_write_20,0.7184541229127216,0.9760716130142881,0.9760716130142881,0.9760716130142881,0.9760716130142881,0.9760716130142881,0.9760716130142881,0.9760716130142881,1.0
8c12g_64-1000000-4-oltp_read_write_20-0.2,64-1000000-4-oltp_read_write_20-0.2,oltp_read_write_20,0.5885420193675086,1.0,1.0,1.0,1.0,1.0,0.8585359246969595,0.8585359246969595,1.0
12c16g_64-1000000-4-oltp_read_write_20-0.6,64-1000000-4-oltp_read_write_20-0.6,oltp_read_write_20,0.5519222020018199,1.0,1.0,1.0,0.8063011828935396,1.0,0.9906164695177434,0.9906164695177434,1.0
16c24g_64-1000000-4-oltp_read_write_20-0.6,64-1000000-4-oltp_read_write_20-0.6,oltp_read_write_20,0.5038059474271795,0.8757738759768599,0.8757738759768599,0.8757738759768599,0.8757738759768599,1.0,1.0,0.8757738759768599,1.0
24c32g_64-1000000-4-oltp_read_write_20-0.6,64-1000000-4-oltp_read_write_20-0.6,oltp_read_write_20,0.5465632894851468,0.8930220402474083,0.8930220402474083,0.8930220402474083,0.8930220402474083,0.8930220402474083,0.8930220402474083,0.8930220402474083,1.0
32c64g_64-1000000-4-oltp_read_write_20-0.6,64-1000000-4-oltp_read_write_20-0.6,oltp_read_write_20,0.5520901219625733,0.9283120752257704,0.9283120752257704,0.9283120752257704,0.9283120752257704,0.9283120752257704,0.9283120752257704,0.9283120752257704,1.0
4c6g_64-1000000-4-oltp_read_write_20-0.6,64-1000000-4-oltp_read_write_20-0.6,oltp_read_write_20,0.6010588890953,0.996284599665614,0.996284599665614,0.996284599665614,0.9633104216979379,0.996284599665614,0.9639606167564555,0.996284599665614,1.0
88c190g_64-1000000-4-oltp_read_write_20-0.6,64-1000000-4-oltp_read_write_20-0.6,oltp_read_write_20,0.6614911276473956,0.9947767601602748,0.9947767601602748,0.9947767601602748,0.9947767601602748,0.9947767601602748,0.7598740698340012,0.9947767601602748,1.0
8c12g_64-1000000-4-oltp_read_write_20-0.6,64-1000000-4-oltp_read_write_20-0.6,oltp_read_write_20,0.5545406639733005,1.0,1.0,1.0,0.8543240236547808,1.0,0.9968382223783594,0.8169096551320336,1.0
12c16g_64-1000000-4-oltp_read_write_20-1.0,64-1000000-4-oltp_read_write_20-1.0,oltp_read_write_20,0.6858188403063341,1.0,0.6543931791602219,0.9448447579884559,0.6988342701927793,0.955898441921002,1.0,1.0,1.0
16c24g_64-1000000-4-oltp_read_write_20-1.0,64-1000000-4-oltp_read_write_20-1.0,oltp_read_write_20,0.5634091153970477,0.9668139209136947,0.6395862514815214,0.9271091477211507,0.9271091477211507,0.7676435728908523,1.0,1.0,1.0
24c32g_64-1000000-4-oltp_read_write_20-1.0,64-1000000-4-oltp_read_write_20-1.0,oltp_read_write_20,0.59341469030624,0.9933686391895004,0.6215979737508633,0.8827538567810269,1.0,0.8038682938061248,0.9933686391895004,0.9933686391895004,1.0
32c64g_64-1000000-4-oltp_read_write_20-1.0,64-1000000-4-oltp_read_write_20-1.0,oltp_read_write_20,0.5609269420887941,1.0,0.6105392045712212,0.9484830619926534,0.611718289419981,0.9162396263208018,1.0,1.0,1.0
4c6g_64-1000000-4-oltp_read_write_20-1.0,64-1000000-4-oltp_read_write_20-1.0,oltp_read_write_20,0.6258550268195463,0.971261256827912,0.7262929973918606,0.7512917671374439,0.7181241080655479,1.0,1.0,1.0,1.0
88c190g_64-1000000-4-oltp_read_write_20-1.0,64-1000000-4-oltp_read_write_20-1.0,oltp_read_write_20,0.6559165526675786,0.9539329685362518,0.9630642954856362,0.9539329685362518,0.9539329685362518,0.8598495212038304,0.9914158686730506,0.9539329685362518,1.0
8c12g_64-1000000-4-oltp_read_write_20-1.0,64-1000000-4-oltp_read_write_20-1.0,oltp_read_write_20,0.7104260890264222,0.9503689597714831,0.7442275648655082,0.7902483535666112,0.7670395937475204,0.9491390938665397,0.9942474014123622,0.9503689597714831,1.0
12c16g_64-1000000-4-oltp_read_write_5-0.2,64-1000000-4-oltp_read_write_5-0.2,oltp_read_write_5,0.5531185743660041,0.9348869088416724,0.9348869088416724,0.9348869088416724,0.9543066026959105,0.9348869088416724,0.9348869088416724,0.9543066026959105,1.0
16c24g_64-1000000-4-oltp_read_write_5-0.2,64-1000000-4-oltp_read_write_5-0.2,oltp_read_write_5,0.5580969807868252,1.0,1.0,0.8847209515096066,1.0,1.0,0.9542543458371455,0.8549862763037512,1.0
24c32g_64-1000000-4-oltp_read_write_5-0.2,64-1000000-4-oltp_read_write_5-0.2,oltp_read_write_5,0.6004610065309258,1.0,0.8847483672685363,0.8847483672685363,1.0,1.0,1.0,0.8413369189396849,1.0
32c64g_64-1000000-4-oltp_read_write_5-0.2,64-1000000-4-oltp_read_write_5-0.2,oltp_read_write_5,0.6058074781225139,0.9490851233094669,0.9490851233094669,0.9490851233094669,0.9490851233094669,0.9490851233094669,0.9864757358790772,1.0,1.0
4c6g_64-1000000-4-oltp_read_write_5-0.2,64-1000000-4-oltp_read_write_5-0.2,oltp_read_write_5,0.5843966460080204,0.955887714181553,0.955887714181553,1.0,0.955887714181553,0.955887714181553,1.0,0.955887714181553,1.0
88c190g_64-1000000-4-oltp_read_write_5-0.2,64-1000000-4-oltp_read_write_5-0.2,oltp_read_write_5,0.7193188490898414,0.990311215502055,0.990311215502055,0.990311215502055,0.9718144450968879,0.990311215502055,0.9189665296535525,0.9718144450968879,1.0
8c12g_64-1000000-4-oltp_read_write_5-0.2,64-1000000-4-oltp_read_write_5-0.2,oltp_read_write_5,0.5698924731182795,0.9041409288492337,0.9041409288492337,0.9041409288492337,0.9041409288492337,0.9041409288492337,0.9949668268130862,0.9041409288492337,1.0
12c16g_64-1000000-4-oltp_read_write_5-0.6,64-1000000-4-oltp_read_write_5-0.6,oltp_read_write_5,0.5619201290843082,0.981242436466317,0.981242436466317,0.981242436466317,0.981242436466317,0.981242436466317,1.0,0.9757966922146027,1.0
16c24g_64-1000000-4-oltp_read_write_5-0.6,64-1000000-4-oltp_read_write_5-0.6,oltp_read_write_5,0.48035837353549277,1.0,1.0,0.7932460372157133,1.0,1.0,0.6498966230186078,0.8931771192281186,1.0
24c32g_64-1000000-4-oltp_read_write_5-0.6,64-1000000-4-oltp_read_write_5-0.6,oltp_read_write_5,0.5498898331759521,1.0,1.0,1.0,1.0,1.0,0.9118665407617249,0.9150141643059491,1.0
32c64g_64-1000000-4-oltp_read_write_5-0.6,64-1000000-4-oltp_read_write_5-0.6,oltp_read_write_5,0.5269670050761421,0.9130710659898478,0.9130710659898478,0.9682741116751269,0.9130710659898478,0.9130710659898478,0.9130710659898478,0.9819162436548223,1.0
4c6g_64-1000000-4-oltp_read_write_5-0.6,64-1000000-4-oltp_read_write_5-0.6,oltp_read_write_5,0.5426519006285544,0.9598922478299912,0.9598922478299912,0.9598922478299912,0.9598922478299912,0.8922478299910207,0.969470218497456,0.9598922478299912,1.0
88c190g_64-1000000-4-oltp_read_write_5-0.6,64-1000000-4-oltp_read_write_5-0.6,oltp_read_write_5,0.6515473659343255,0.9173163241200094,0.9173163241200094,0.9173163241200094,0.9173163241200094,0.9173163241200094,0.9617292700212616,1.0,1.0
8c12g_64-1000000-4-oltp_read_write_5-0.6,64-1000000-4-oltp_read_write_5-0.6,oltp_read_write_5,0.5415288854308501,0.9095506710756662,0.9095506710756662,0.9095506710756662,0.9377553005251897,0.9095506710756662,1.0,0.9377553005251897,1.0
12c16g_64-1000000-4-oltp_read_write_5-1.0,64-1000000-4-oltp_read_write_5-1.0,oltp_read_write_5,0.5442818636888718,1.0,0.8561802079322295,0.9209664998074703,0.8561802079322295,0.8561802079322295,1.0,1.0,1.0
16c24g_64-1000000-4-oltp_read_write_5-1.0,64-1000000-4-oltp_read_write_5-1.0,oltp_read_write_5,0.39852264470816173,0.7122790021797045,0.7122790021797045,0.5571566965366916,0.9429643981593607,0.9429643981593607,0.9429643981593607,0.7122790021797045,1.0
24c32g_64-1000000-4-oltp_read_write_5-1.0,64-1000000-4-oltp_read_write_5-1.0,oltp_read_write_5,0.4377387318563789,0.732620320855615,0.605478555058387,0.605478555058387,1.0,0.9705336680126597,1.0,0.9705336680126597,1.0
32c64g_64-1000000-4-oltp_read_write_5-1.0,64-1000000-4-oltp_read_write_5-1.0,oltp_read_write_5,0.42417965769104976,0.7215741851084705,0.5860678076965006,0.5860678076965006,0.7215741851084705,0.7215741851084705,0.928703804644064,0.7215741851084705,1.0
4c6g_64-1000000-4-oltp_read_write_5-1.0,64-1000000-4-oltp_read_write_5-1.0,oltp_read_write_5,0.4677073403241182,0.790514775977121,0.6544327931363203,1.0,1.0,0.6530028598665395,1.0,1.0,1.0
88c190g_64-1000000-4-oltp_read_write_5-1.0,64-1000000-4-oltp_read_write_5-1.0,oltp_read_write_5,0.5554814744261358,0.7682636441565863,0.8611296313934661,1.0,1.0,0.7578817030193351,1.0,0.8611296313934661,1.0
8c12g_64-1000000-4-oltp_read_write_5-1.0,64-1000000-4-oltp_read_write_5-1.0,oltp_read_write_5,0.5709996997898529,0.7194035825077554,0.8612028419893926,0.8419893925748023,0.7194035825077554,0.7911538076653657,0.9946962874011808,0.7194035825077554,1.0
12c16g_64-1000000-4-oltp_read_write_50-0.2,64-1000000-4-oltp_read_write_50-0.2,oltp_read_write_50,0.6128021216322103,0.9769754686275692,0.9769754686275692,0.9769754686275692,0.9769754686275692,0.9769754686275692,0.9769754686275692,0.9769754686275692,1.0
16c24g_64-1000000-4-oltp_read_write_50-0.2,64-1000000-4-oltp_read_write_50-0.2,oltp_read_write_50,0.601086956521739,1.0,0.9972826086956522,0.9972826086956522,1.0,1.0,0.9233695652173913,0.9083695652173912,1.0
24c32g_64-1000000-4-oltp_read_write_50-0.2,64-1000000-4-oltp_read_write_50-0.2,oltp_read_write_50,0.6244225020382281,0.9952894283902528,0.9952894283902528,0.9952894283902528,0.9952894283902528,0.9952894283902528,0.8361264607301385,0.8798804239514448,0.9952894283902528
32c64g_64-1000000-4-oltp_read_write_50-0.2,64-1000000-4-oltp_read_write_50-0.2,oltp_read_write_50,0.6157733261144198,1.0,1.0,1.0,1.0,1.0,0.9681465439451363,0.8247608734885401,1.0
4c6g_64-1000000-4-oltp_read_write_50-0.2,64-1000000-4-oltp_read_write_50-0.2,oltp_read_write_50,0.5992468081197758,0.9274363920271883,0.9274363920271883,0.8485349499402957,0.9694130614494352,0.9694130614494352,0.9694130614494352,0.6037475888674566,1.0
88c190g_64-1000000-4-oltp_read_write_50-0.2,64-1000000-4-oltp_read_write_50-0.2,oltp_read_write_50,0.7539003522898843,1.0,1.0,1.0,1.0,1.0,1.0,0.9346466316773312,1.0
8c12g_64-1000000-4-oltp_read_write_50-0.2,64-1000000-4-oltp_read_write_50-0.2,oltp_read_write_50,0.6262816234908694,0.9299278044045379,0.9764605957653338,0.9764605957653338,0.9764605957653338,0.4394224352363041,0.9764605957653338,0.9299278044045379,1.0
12c16g_64-1000000-4-oltp_read_write_50-0.6,64-1000000-4-oltp_read_write_50-0.6,oltp_read_write_50,0.6355792276964047,0.9805592543275632,0.9805592543275632,0.9805592543275632,0.9805592543275632,0.9805592543275632,0.8834087882822903,0.9805592543275632,1.0
16c24g_64-1000000-4-oltp_read_write_50-0.6,64-1000000-4-oltp_read_write_50-0.6,oltp_read_write_50,0.5296320416802345,1.0,1.0,1.0,0.9461901660696842,1.0,0.8860306089221752,0.9109410615434712,1.0
24c32g_64-1000000-4-oltp_read_write_50-0.6,64-1000000-4-oltp_read_write_50-0.6,oltp_read_write_50,0.5815456741014349,0.8104844438130416,0.8104844438130416,0.9428185821849694,1.0,1.0,0.9374200880806932,0.92193493393948,1.0
32c64g_64-1000000-4-oltp_read_write_50-0.6,64-1000000-4-oltp_read_write_50-0.6,oltp_read_write_50,0.6005235221406239,1.0,1.0,1.0,1.0,1.0,0.9134007125718026,0.8821348069512106,1.0
4c6g_64-1000000-4-oltp_read_write_50-0.6,64-1000000-4-oltp_read_write_50-0.6,oltp_read_write_50,0.5782511362865477,0.8481107116206499,0.8481107116206499,0.9807340071908283,0.9807340071908283,0.8798588969540736,1.0,0.8481107116206499,1.0
88c190g_64-1000000-4-oltp_read_write_50-0.6,64-1000000-4-oltp_read_write_50-0.6,oltp_read_write_50,0.6981198589894242,1.0,1.0,1.0,1.0,1.0,1.0,0.9821974148061104,1.0
8c12g_64-1000000-4-oltp_read_write_50-0.6,64-1000000-4-oltp_read_write_50-0.6,oltp_read_write_50,0.6634604992975252,0.9845455527936885,0.9845455527936885,0.9845455527936885,0.9845455527936885,0.9845455527936885,0.9826002377607262,0.9845455527936885,1.0
12c16g_64-1000000-4-oltp_read_write_50-1.0,64-1000000-4-oltp_read_write_50-1.0,oltp_read_write_50,0.6663238621338113,0.804748332500808,0.8480592366232774,0.8752975053624423,0.7723092292774659,0.9133194252637147,0.9980900890312344,0.9980900890312344,1.0
16c24g_64-1000000-4-oltp_read_write_50-1.0,64-1000000-4-oltp_read_write_50-1.0,oltp_read_write_50,0.6040552481049155,0.951076593963633,1.0,1.0,0.951076593963633,0.9518671813235363,1.0,1.0,1.0
24c32g_64-1000000-4-oltp_read_write_50-1.0,64-1000000-4-oltp_read_write_50-1.0,oltp_read_write_50,0.6274226555916698,0.9083503872236266,1.0,1.0,1.0,0.8902532001123551,1.0,1.0,1.0
32c64g_64-1000000-4-oltp_read_write_50-1.0,64-1000000-4-oltp_read_write_50-1.0,oltp_read_write_50,0.633967672585397,0.9028983199299306,0.9518273747909866,0.9518273747909866,0.9518273747909866,0.9518273747909866,1.0,0.9028983199299306,1.0
4c6g_64-1000000-4-oltp_read_write_50-1.0,64-1000000-4-oltp_read_write_50-1.0,oltp_read_write_50,0.6377376693331189,0.9766048960887566,0.9703742412670338,1.0,0.9766048960887566,0.9737106564296337,1.0,0.9703742412670338,1.0
88c190g_64-1000000-4-oltp_read_write_50-1.0,64-1000000-4-oltp_read_write_50-1.0,oltp_read_write_50,0.731274979406291,1.0,0.9366934130640387,0.983402996003295,0.983402996003295,0.9973151905299448,0.983402996003295,0.983402996003295,1.0
8c12g_64-1000000-4-oltp_read_write_50-1.0,64-1000000-4-oltp_read_write_50-1.0,oltp_read_write_50,0.6678134110787172,0.7934985422740525,0.9818075801749271,0.8543148688046647,0.7420116618075802,0.9951603498542273,0.9818075801749271,0.9818075801749271,1.0
12c16g_64-1000000-4-oltp_read_write_80-0.2,64-1000000-4-oltp_read_write_80-0.2,oltp_read_write_80,0.7360612779681516,0.9952832090304373,0.9952832090304373,0.9952832090304373,0.9952832090304373,0.9952832090304373,0.8617617415843579,1.0,1.0
16c24g_64-1000000-4-oltp_read_write_80-0.2,64-1000000-4-oltp_read_write_80-0.2,oltp_read_write_80,0.7334108005626567,1.0,1.0,1.0,1.0,1.0,1.0,1.0,1.0
24c32g_64-1000000-4-oltp_read_write_80-0.2,64-1000000-4-oltp_read_write_80-0.2,oltp_read_write_80,0.784431137724551,0.9800399201596808,0.9702699863431032,0.9800399201596808,0.9800399201596808,0.9800399201596808,0.9800399201596808,0.9702699863431032,1.0
32c64g_64-1000000-4-oltp_read_write_80-0.2,64-1000000-4-oltp_read_write_80-0.2,oltp_read_write_80,0.770849273144606,1.0,0.9843152257077278,1.0,1.0,1.0,1.0,1.0,1.0
4c6g_64-1000000-4-oltp_read_write_80-0.2,64-1000000-4-oltp_read_write_80-0.2,oltp_read_write_80,0.770392749244713,1.0,1.0,1.0,0.7724428139835995,1.0,0.9990289167026327,1.0,1.0
88c190g_64-1000000-4-oltp_read_write_80-0.2,64-1000000-4-oltp_read_write_80-0.2,oltp_read_write_80,0.8274782608695652,0.9965652173913044,0.9965652173913044,0.9965652173913044,0.9965652173913044,0.9965652173913044,0.8338260869565217,0.9965652173913044,1.0
8c12g_64-1000000-4-oltp_read_write_80-0.2,64-1000000-4-oltp_read_write_80-0.2,oltp_read_write_80,0.7350890782339272,1.0,1.0,1.0,1.0,1.0,1.0,0.8837702311549595,1.0
12c16g_64-1000000-4-oltp_read_write_80-0.6,64-1000000-4-oltp_read_write_80-0.6,oltp_read_write_80,0.7102646158081277,0.9738481125907573,0.8505901379856164,1.0,1.0,0.9738481125907573,0.9738481125907573,0.9738481125907573,1.0
16c24g_64-1000000-4-oltp_read_write_80-0.6,64-1000000-4-oltp_read_write_80-0.6,oltp_read_write_80,0.690736119775421,1.0,1.0,1.0,0.8920253690996048,0.9943855271366188,1.0,1.0,1.0
24c32g_64-1000000-4-oltp_read_write_80-0.6,64-1000000-4-oltp_read_write_80-0.6,oltp_read_write_80,0.7117550912223352,0.9064363652427442,1.0,0.9064363652427442,0.9064363652427442,0.9064363652427442,0.9064363652427442,1.0,1.0
32c64g_64-1000000-4-oltp_read_write_80-0.6,64-1000000-4-oltp_read_write_80-0.6,oltp_read_write_80,0.7174580675643751,1.0,1.0,0.9251122135601229,1.0,0.9251122135601229,1.0,1.0,1.0
4c6g_64-1000000-4-oltp_read_write_80-0.6,64-1000000-4-oltp_read_write_80-0.6,oltp_read_write_80,0.7194570135746606,1.0,1.0,1.0,0.8892088303853011,1.0,1.0,1.0,1.0
88c190g_64-1000000-4-oltp_read_write_80-0.6,64-1000000-4-oltp_read_write_80-0.6,oltp_read_write_80,0.7656753453575794,0.9854449835191289,0.9629643346542721,0.9854449835191289,0.9854449835191289,0.9854449835191289,0.7754897966741973,0.9629643346542721,1.0
8c12g_64-1000000-4-oltp_read_write_80-0.6,64-1000000-4-oltp_read_write_80-0.6,oltp_read_write_80,0.6781712546686954,1.0,0.9964725411536864,1.0,0.9964725411536864,1.0,1.0,0.9964725411536864,1.0
12c16g_64-1000000-4-oltp_read_write_80-1.0,64-1000000-4-oltp_read_write_80-1.0,oltp_read_write_80,0.7197461629279811,1.0,0.9785798616967449,0.936941305447799,1.0,0.9318392646314725,1.0,0.9785798616967449,1.0
16c24g_64-1000000-4-oltp_read_write_80-1.0,64-1000000-4-oltp_read_write_80-1.0,oltp_read_write_80,0.6257744733581165,1.0,0.9963977983343419,1.0,0.937004697270972,0.9603757816777615,1.0,0.9963977983343419,1.0
24c32g_64-1000000-4-oltp_read_write_80-1.0,64-1000000-4-oltp_read_write_80-1.0,oltp_read_write_80,0.6776531321354116,0.954879380522188,0.9418991363049737,0.9658493001092029,0.9963268142559316,1.0,0.9418991363049737,0.9963268142559316,1.0
32c64g_64-1000000-4-oltp_read_write_80-1.0,64-1000000-4-oltp_read_write_80-1.0,oltp_read_write_80,0.6436781609195401,0.9360136741973841,0.9831797463337296,1.0,0.9360136741973841,0.9245937376139517,1.0,0.9831797463337296,1.0
4c6g_64-1000000-4-oltp_read_write_80-1.0,64-1000000-4-oltp_read_write_80-1.0,oltp_read_write_80,0.6992364752873407,0.9787789038937045,0.9728826454365135,0.9494606417955059,0.9787789038937045,1.0,1.0,0.9787789038937045,1.0
88c190g_64-1000000-4-oltp_read_write_80-1.0,64-1000000-4-oltp_read_write_80-1.0,oltp_read_write_80,0.80348145745486,0.9581576386636393,0.9714563736620175,0.9948751216347713,0.9714563736620175,1.0,1.0,0.9714563736620175,1.0
8c12g_64-1000000-4-oltp_read_write_80-1.0,64-1000000-4-oltp_read_write_80-1.0,oltp_read_write_80,0.7035607596868799,1.0,0.9830793048559778,0.9509823161291729,0.9876583589542313,0.9509823161291729,1.0,0.9830793048559778,1.0
12c16g_64-1000000-4-oltp_read_write_95-0.2,64-1000000-4-oltp_read_write_95-0.2,oltp_read_write_95,0.7942221712713515,0.9846383125071649,0.9846383125071649,0.9626275363980281,0.9846383125071649,0.9846383125071649,0.9846383125071649,0.9846383125071649,1.0
16c24g_64-1000000-4-oltp_read_write_95-0.2,64-1000000-4-oltp_read_write_95-0.2,oltp_read_write_95,0.7800677167672604,0.9777712350949506,0.9777712350949506,0.9777712350949506,0.9777712350949506,0.9777712350949506,0.9125570440158987,0.9777712350949506,1.0
24c32g_64-1000000-4-oltp_read_write_95-0.2,64-1000000-4-oltp_read_write_95-0.2,oltp_read_write_95,0.7778048780487805,0.9750000000000001,0.9750000000000001,0.9750000000000001,0.9750000000000001,0.9750000000000001,1.0,0.9750000000000001,1.0
32c64g_64-1000000-4-oltp_read_write_95-0.2,64-1000000-4-oltp_read_write_95-0.2,oltp_read_write_95,0.778646851779429,1.0,1.0,1.0,1.0,0.9168296180419764,0.9092686742276106,1.0,1.0
4c6g_64-1000000-4-oltp_read_write_95-0.2,64-1000000-4-oltp_read_write_95-0.2,oltp_read_write_95,0.8063297733784839,1.0,1.0,1.0,0.9986975774941391,0.989841104454285,0.9986975774941391,1.0,1.0
88c190g_64-1000000-4-oltp_read_write_95-0.2,64-1000000-4-oltp_read_write_95-0.2,oltp_read_write_95,0.8307384809593941,1.0,1.0,1.0,1.0,0.9980012623606144,0.9397222806648432,1.0,1.0
8c12g_64-1000000-4-oltp_read_write_95-0.2,64-1000000-4-oltp_read_write_95-0.2,oltp_read_write_95,0.8090475107979087,0.81473062059559,0.81473062059559,0.81473062059559,0.81473062059559,0.9476017276653785,0.9641964082746078,0.81473062059559,0.9962491475335303
12c16g_64-1000000-4-oltp_read_write_95-0.6,64-1000000-4-oltp_read_write_95-0.6,oltp_read_write_95,0.7578766469352682,0.9957991216345236,0.9957991216345236,0.9957991216345236,0.9931258354019477,0.9931258354019477,0.7469925529883521,1.0,1.0
16c24g_64-1000000-4-oltp_read_write_95-0.6,64-1000000-4-oltp_read_write_95-0.6,oltp_read_write_95,0.7284394866258845,0.9948422694014633,0.9948422694014633,0.9948422694014633,0.9540602135060574,1.0,1.0,0.9948422694014633,1.0
24c32g_64-1000000-4-oltp_read_write_95-0.6,64-1000000-4-oltp_read_write_95-0.6,oltp_read_write_95,0.7372188139059305,0.9948875255623721,0.9948875255623721,0.9948875255623721,1.0,0.9948875255623721,0.8865030674846627,0.9948875255623721,1.0
32c64g_64-1000000-4-oltp_read_write_95-0.6,64-1000000-4-oltp_read_write_95-0.6,oltp_read_write_95,0.7064569195969566,1.0,1.0,0.9787168414558913,1.0,0.8136952498457741,1.0,0.9787168414558913,1.0
4c6g_64-1000000-4-oltp_read_write_95-0.6,64-1000000-4-oltp_read_write_95-0.6,oltp_read_write_95,0.7312880765883376,1.0,1.0,1.0,1.0,0.959094865100087,1.0,1.0,1.0
88c190g_64-1000000-4-oltp_read_write_95-0.6,64-1000000-4-oltp_read_write_95-0.6,oltp_read_write_95,0.7723087513983307,1.0,1.0,0.9370966354014285,1.0,0.7848722140951725,0.9074950520609242,1.0,1.0
8c12g_64-1000000-4-oltp_read_write_95-0.6,64-1000000-4-oltp_read_write_95-0.6,oltp_read_write_95,0.7455992509363296,0.9713483146067415,0.9713483146067415,0.9713483146067415,0.9713483146067415,0.9713483146067415,0.9971910112359551,0.9713483146067415,1.0
12c16g_64-1000000-4-oltp_read_write_95-1.0,64-1000000-4-oltp_read_write_95-1.0,oltp_read_write_95,0.7492009588493808,1.0,1.0,0.901618058330004,0.9868158210147822,0.9868158210147822,0.9868158210147822,0.9868158210147822,1.0
16c24g_64-1000000-4-oltp_read_write_95-1.0,64-1000000-4-oltp_read_write_95-1.0,oltp_read_write_95,0.7199626865671641,0.9889303482587065,0.9889303482587065,0.9889303482587065,0.9889303482587065,0.9889303482587065,0.9889303482587065,0.9889303482587065,1.0
24c32g_64-1000000-4-oltp_read_write_95-1.0,64-1000000-4-oltp_read_write_95-1.0,oltp_read_write_95,0.7444055001348073,1.0,1.0,0.9114046912914533,1.0,1.0,0.8484766783499595,1.0,1.0
32c64g_64-1000000-4-oltp_read_write_95-1.0,64-1000000-4-oltp_read_write_95-1.0,oltp_read_write_95,0.7299876017465365,1.0,1.0,0.8833486065441217,0.9938008732682876,1.0,0.9938008732682876,1.0,1.0
4c6g_64-1000000-4-oltp_read_write_95-1.0,64-1000000-4-oltp_read_write_95-1.0,oltp_read_write_95,0.7507406090769048,0.99206067069558,0.99206067069558,0.9278350515463917,1.0,0.9344116601493069,1.0,1.0,1.0
88c190g_64-1000000-4-oltp_read_write_95-1.0,64-1000000-4-oltp_read_write_95-1.0,oltp_read_write_95,0.7382198952879582,0.9163169053697373,0.9176582579723941,0.9099562978668166,0.9099562978668166,0.7455324304443771,1.0,0.8977110466877244,1.0
8c12g_64-1000000-4-oltp_read_write_95-1.0,64-1000000-4-oltp_read_write_95-1.0,oltp_read_write_95,0.7702276885545843,1.0,1.0,0.9138036186216711,0.8513925594633056,0.9978654198007726,0.9978654198007726,0.9978654198007726,1.0
12c16g_64-1000000-4-oltp_write_only-0.2,64-1000000-4-oltp_write_only-0.2,oltp_write_only,0.6648958915825137,0.9778296766553731,0.6293871912108154,0.7877372454853458,0.7986579388835894,0.8329166803723562,0.9778296766553731,0.8329166803723562,1.0
16c24g_64-1000000-4-oltp_write_only-0.2,64-1000000-4-oltp_write_only-0.2,oltp_write_only,0.6255110384300899,0.7562784721411051,1.0,0.9461219483705174,0.9770178717439552,0.7608048125219016,0.7608048125219016,0.9770178717439552,1.0
24c32g_64-1000000-4-oltp_write_only-0.2,64-1000000-4-oltp_write_only-0.2,oltp_write_only,0.6465749968462217,0.8306799545855935,0.947899583701274,0.7572347672511669,0.542475085152012,0.947899583701274,0.9059164879525672,0.8512173583953576,1.0
32c64g_64-1000000-4-oltp_write_only-0.2,64-1000000-4-oltp_write_only-0.2,oltp_write_only,0.6429472681823593,0.828210927270563,1.0,0.9705273181764076,0.828210927270563,0.970598738245447,0.828210927270563,0.9705273181764076,1.0
4c6g_64-1000000-4-oltp_write_only-0.2,64-1000000-4-oltp_write_only-0.2,oltp_write_only,0.614577973784148,0.6861447997059905,1.0,0.8965821389195149,0.6861447997059905,0.5391155212544407,0.8584834007105231,0.7940953080975133,1.0
88c190g_64-1000000-4-oltp_write_only-0.2,64-1000000-4-oltp_write_only-0.2,oltp_write_only,0.722022307497051,0.9990891851940334,0.9990891851940334,0.9990891851940334,0.9990891851940334,0.8950024636793931,1.0,0.9990891851940334,1.0
8c12g_64-1000000-4-oltp_write_only-0.2,64-1000000-4-oltp_write_only-0.2,oltp_write_only,0.5972091183005144,0.9728064035061021,0.7953708494384758,0.9774629454910674,0.7898621298353471,0.7375292936056245,0.9728064035061021,0.7091943878016861,1.0
12c16g_64-1000000-4-oltp_write_only-0.6,64-1000000-4-oltp_write_only-0.6,oltp_write_only,0.6868676424973782,0.9912411562264598,0.7900683869252471,0.8404058904332157,0.8463288185161663,0.8636840317268069,0.9912411562264598,0.9912411562264598,1.0
16c24g_64-1000000-4-oltp_write_only-0.6,64-1000000-4-oltp_write_only-0.6,oltp_write_only,0.6205066798149843,0.8309267216078513,0.8309267216078513,0.9868986405578642,0.8309267216078513,1.0,0.9868986405578642,0.8236481885844427,1.0
24c32g_64-1000000-4-oltp_write_only-0.6,64-1000000-4-oltp_write_only-0.6,oltp_write_only,0.6404159584041595,0.903929607039296,0.8701929807019297,0.9495250474952505,0.8336366363363664,0.8336366363363664,1.0,0.8622337766223378,1.0
32c64g_64-1000000-4-oltp_write_only-0.6,64-1000000-4-oltp_write_only-0.6,oltp_write_only,0.6723474773926921,0.8744015712590532,0.8744015712590532,1.0,0.8744015712590532,1.0,0.8744015712590532,0.8794958877204468,1.0
4c6g_64-1000000-4-oltp_write_only-0.6,64-1000000-4-oltp_write_only-0.6,oltp_write_only,0.6494962313490232,0.8461198277188124,0.9702545762190432,0.9702545762190432,0.5296108291032149,0.9702545762190432,0.9702545762190432,0.8461198277188124,1.0
88c190g_64-1000000-4-oltp_write_only-0.6,64-1000000-4-oltp_write_only-0.6,oltp_write_only,0.7174890806988353,0.9539829450915142,0.9539829450915142,0.9784213810316139,0.9539829450915142,1.0,1.0,0.9539829450915142,1.0
8c12g_64-1000000-4-oltp_write_only-0.6,64-1000000-4-oltp_write_only-0.6,oltp_write_only,0.6800682972389236,0.9726373241492032,0.8005662249722726,0.8917021773393263,0.7272196602650166,0.8082569610647364,0.9726373241492032,0.9726373241492032,1.0
12c16g_64-1000000-4-oltp_write_only-1.0,64-1000000-4-oltp_write_only-1.0,oltp_write_only,0.4280673628695144,1.0,1.0,1.0,0.6427865094466836,1.0,0.9760349399937072,1.0,1.0
16c24g_64-1000000-4-oltp_write_only-1.0,64-1000000-4-oltp_write_only-1.0,oltp_write_only,0.5468904388259227,1.0,1.0,1.0,0.6655042138913106,0.9654606219122347,0.9654606219122347,0.9654606219122347,1.0
24c32g_64-1000000-4-oltp_write_only-1.0,64-1000000-4-oltp_write_only-1.0,oltp_write_only,0.49747442180380014,1.0,1.0,1.0,0.6233879288109362,1.0,0.9457376837761156,0.5633973862952455,1.0
32c64g_64-1000000-4-oltp_write_only-1.0,64-1000000-4-oltp_write_only-1.0,oltp_write_only,0.5245256358498184,1.0,1.0,0.9737025075135692,0.9737025075135692,1.0,0.9737025075135692,0.9737025075135692,1.0
4c6g_64-1000000-4-oltp_write_only-1.0,64-1000000-4-oltp_write_only-1.0,oltp_write_only,0.4844829605340204,1.0,1.0,1.0,0.6426982082211031,1.0,0.9139137007739888,1.0,1.0
88c190g_64-1000000-4-oltp_write_only-1.0,64-1000000-4-oltp_write_only-1.0,oltp_write_only,0.602105904002878,0.7917479556680919,0.9865717487858536,0.9865717487858536,0.7917479556680919,0.9865717487858536,0.9865717487858536,0.7917479556680919,1.0
8c12g_64-1000000-4-oltp_write_only-1.0,64-1000000-4-oltp_write_only-1.0,oltp_write_only,0.4483379353480496,1.0,1.0,1.0,0.6424234565452853,1.0,0.9757059388872786,0.9757059388872786,1.0
