target,family,table_size,hw,default_ratio,raw_ratio,raw_src,embed_ratio,embed_src,ot_ratio,ot_src,oracle_ratio
12c16g_10-4-4-tpcc-nan,tpcc,tpcc,12c16g,0.5914,0.9098,12c16g_64-1000000-4-oltp_read_write_50-1.0,0.5697,12c16g_64-1000000-4-oltp_read_write_5-0.2,0.9682,8c12g_64-1000000-4-oltp_read_write_5-1.0,1.0
12c16g_100-4-4-tpcc-nan,tpcc,tpcc,12c16g,0.619,0.9783,12c16g_64-1000000-4-oltp_read_write_50-0.2,0.9783,8c12g_64-1000000-4-oltp_read_write_50-0.2,0.9783,8c12g_64-1000000-4-oltp_read_write_50-0.2,1.0
12c16g_50-4-4-tpcc-nan,tpcc,tpcc,12c16g,0.5476,0.895,16c24g_64-1000000-4-oltp_read_write_50-0.2,0.9688,8c12g_64-1000000-4-oltp_read_write_50-0.2,0.895,16c24g_64-1000000-4-oltp_read_write_50-0.6,1.0
12c16g_64-100000-4-oltp_read_only-0.2,oltp_read_only,100000,12c16g,0.5045,0.9916,8c12g_64-1000000-4-oltp_read_write_95-1.0,0.9916,4c6g_64-1000000-4-oltp_read_write_95-0.2,0.9916,12c16g_64-100000-4-oltp_read_write_95-0.6,1.0
12c16g_64-100000-4-oltp_read_only-0.6,oltp_read_only,100000,12c16g,0.6239,0.999,12c16g_64-100000-4-oltp_read_write_95-0.6,0.999,4c6g_64-1000000-4-oltp_read_write_95-0.2,0.9974,12c16g_64-100000-4-oltp_read_write_95-1.0,0.9993
12c16g_64-100000-4-oltp_read_only-1.0,oltp_read_only,100000,12c16g,0.8932,0.9832,12c16g_64-100000-4-oltp_read_write_95-1.0,0.9961,4c6g_64-1000000-4-oltp_read_write_95-0.2,0.9961,12c16g_64-100000-4-oltp_read_write_95-0.6,0.9967
12c16g_64-100000-4-oltp_read_write_50-0.2,oltp_read_write_50,100000,12c16g,0.4602,0.9972,16c24g_64-1000000-4-oltp_read_write_20-1.0,0.8024,8c12g_64-1000000-4-oltp_read_write_20-0.6,0.9881,12c16g_64-100000-4-oltp_read_write_20-0.2,1.0
12c16g_64-100000-4-oltp_read_write_50-0.6,oltp_read_write_50,100000,12c16g,0.5636,0.9945,12c16g_64-100000-4-oltp_read_write_20-0.2,0.7778,12c16g_64-1000000-4-oltp_read_write_20-0.6,0.9902,12c16g_64-100000-4-oltp_read_write_20-0.6,1.0
12c16g_64-100000-4-oltp_read_write_50-1.0,oltp_read_write_50,100000,12c16g,0.5545,0.7663,24c32g_64-100000-4-oltp_read_write_20-1.0,1.0,16c24g_64-1000000-4-oltp_write_only-1.0,0.7873,12c16g_64-100000-4-oltp_read_write_20-1.0,1.0
12c16g_64-100000-4-oltp_write_only-0.2,oltp_write_only,100000,12c16g,0.5176,0.6222,24c32g_64-100000-4-oltp_read_write_50-0.6,0.9727,4c6g_64-100000-4-oltp_read_write_50-1.0,0.497,12c16g_64-1000000-4-oltp_read_write_20-0.6,1.0
12c16g_64-100000-4-oltp_write_only-0.6,oltp_write_only,100000,12c16g,0.4876,0.5567,12c16g_64-100000-4-oltp_read_write_50-0.2,0.973,16c24g_64-100000-4-oltp_read_write_50-1.0,0.5567,12c16g_64-100000-4-oltp_read_write_5-0.2,1.0
12c16g_64-100000-4-oltp_write_only-1.0,oltp_write_only,100000,12c16g,0.3154,0.3535,24c32g_64-1000000-4-oltp_read_write_50-1.0,0.9863,16c24g_64-100000-4-oltp_read_write_50-1.0,0.3535,16c24g_64-100000-4-oltp_read_write_5-0.6,1.0
12c16g_64-1000000-4-oltp_read_only-0.2,oltp_read_only,1000000,12c16g,0.8278,0.9749,12c16g_64-1000000-4-oltp_read_write_95-0.6,0.9749,4c6g_64-1000000-4-oltp_read_write_95-0.2,0.9749,12c16g_64-1000000-4-oltp_read_write_95-1.0,0.9977
12c16g_64-1000000-4-oltp_read_only-0.6,oltp_read_only,1000000,12c16g,0.8012,0.9663,12c16g_64-1000000-4-oltp_read_write_95-0.6,0.9663,4c6g_64-1000000-4-oltp_read_write_95-0.2,0.9663,12c16g_64-1000000-4-oltp_read_write_95-1.0,1.0
12c16g_64-1000000-4-oltp_read_only-1.0,oltp_read_only,1000000,12c16g,0.8331,0.9887,8c12g_64-1000000-4-oltp_read_write_95-1.0,0.9887,4c6g_64-1000000-4-oltp_read_write_95-0.2,0.9887,12c16g_64-1000000-4-oltp_read_write_95-1.0,1.0
12c16g_64-1000000-4-oltp_read_write_50-0.2,oltp_read_write_50,1000000,12c16g,0.6435,0.7263,12c16g_64-1000000-4-oltp_read_write_80-0.6,0.977,24c32g_100-4-4-tpcc-nan,1.0,12c16g_64-1000000-4-oltp_read_write_20-0.2,1.0
12c16g_64-1000000-4-oltp_read_write_50-0.6,oltp_read_write_50,1000000,12c16g,0.6729,0.9806,12c16g_64-1000000-4-oltp_read_write_20-0.2,0.877,16c24g_64-1000000-4-oltp_read_write_5-0.2,0.9806,12c16g_64-1000000-4-oltp_read_write_20-0.2,1.0
12c16g_64-1000000-4-oltp_read_write_50-1.0,oltp_read_write_50,1000000,12c16g,0.6657,0.8047,12c16g_64-1000000-4-oltp_read_write_20-0.6,0.8047,4c6g_64-1000000-4-oltp_read_write_20-0.2,0.8481,12c16g_64-1000000-4-oltp_read_write_20-1.0,1.0
12c16g_64-1000000-4-oltp_write_only-0.2,oltp_write_only,1000000,12c16g,0.6607,0.7977,12c16g_64-1000000-4-oltp_read_write_5-0.2,0.8558,16c24g_64-1000000-4-oltp_read_write_20-0.6,0.7877,12c16g_64-1000000-4-oltp_read_write_20-0.2,0.9896
12c16g_64-1000000-4-oltp_write_only-0.6,oltp_write_only,1000000,12c16g,0.6747,0.7366,24c32g_64-1000000-4-oltp_read_write_5-0.6,0.7901,24c32g_64-1000000-4-oltp_read_write_50-1.0,0.7366,12c16g_64-1000000-4-oltp_read_write_5-0.6,1.0
12c16g_64-1000000-4-oltp_write_only-1.0,oltp_write_only,1000000,12c16g,0.4525,0.4525,12c16g_64-100000-4-oltp_read_write_50-0.2,0.976,16c24g_64-100000-4-oltp_read_write_50-1.0,0.4341,24c32g_10-4-4-tpcc-nan,1.0
16c24g_10-4-4-tpcc-nan,tpcc,tpcc,16c24g,0.4978,1.0,16c24g_64-1000000-4-oltp_read_write_50-1.0,0.8264,4c6g_64-1000000-4-oltp_read_write_5-0.2,0.9483,16c24g_64-1000000-4-oltp_read_write_5-1.0,1.0
16c24g_100-4-4-tpcc-nan,tpcc,tpcc,16c24g,0.6906,0.9902,16c24g_64-1000000-4-oltp_read_write_50-0.2,1.0,8c12g_64-1000000-4-oltp_read_write_50-0.2,0.6226,12c16g_64-1000000-4-oltp_write_only-1.0,1.0
16c24g_50-4-4-tpcc-nan,tpcc,tpcc,16c24g,0.5551,0.9061,16c24g_64-1000000-4-oltp_read_write_50-0.2,0.9458,8c12g_64-1000000-4-oltp_read_write_50-0.2,0.8808,24c32g_64-1000000-4-oltp_read_write_5-0.2,1.0
16c24g_64-100000-4-oltp_read_only-0.2,oltp_read_only,100000,16c24g,0.4584,0.993,12c16g_64-100000-4-oltp_read_write_95-0.2,0.993,4c6g_64-1000000-4-oltp_read_write_95-0.2,0.993,16c24g_64-100000-4-oltp_read_write_95-0.2,0.9991
16c24g_64-100000-4-oltp_read_only-0.6,oltp_read_only,100000,16c24g,0.5688,0.9879,12c16g_64-100000-4-oltp_read_write_95-0.6,0.9879,4c6g_64-1000000-4-oltp_read_write_95-0.2,0.9879,12c16g_64-100000-4-oltp_read_write_95-0.6,1.0
16c24g_64-100000-4-oltp_read_only-1.0,oltp_read_only,100000,16c24g,0.8691,0.9982,12c16g_64-100000-4-oltp_read_write_95-1.0,0.9851,4c6g_64-1000000-4-oltp_read_write_95-0.2,0.9851,12c16g_64-100000-4-oltp_read_write_95-0.6,1.0
16c24g_64-100000-4-oltp_read_write_50-0.2,oltp_read_write_50,100000,16c24g,0.4488,0.9326,16c24g_64-1000000-4-oltp_read_write_5-0.6,0.903,24c32g_64-1000000-4-oltp_read_write_5-0.6,0.9896,24c32g_64-100000-4-oltp_read_write_20-0.2,1.0
16c24g_64-100000-4-oltp_read_write_50-0.6,oltp_read_write_50,100000,16c24g,0.5403,0.9232,16c24g_64-1000000-4-oltp_read_write_20-1.0,0.7904,4c6g_64-1000000-4-oltp_read_write_5-0.2,0.9464,16c24g_64-100000-4-oltp_read_write_20-0.6,1.0
16c24g_64-100000-4-oltp_read_write_50-1.0,oltp_read_write_50,100000,16c24g,0.5869,0.6166,24c32g_64-1000000-4-oltp_read_write_20-1.0,0.9935,24c32g_64-100000-4-oltp_write_only-0.6,0.8019,24c32g_64-100000-4-oltp_read_write_20-1.0,1.0
16c24g_64-100000-4-oltp_write_only-0.2,oltp_write_only,100000,16c24g,0.5111,0.5674,16c24g_64-1000000-4-oltp_read_write_5-0.6,0.9688,4c6g_64-100000-4-oltp_read_write_50-1.0,0.5674,16c24g_64-1000000-4-oltp_read_write_20-0.6,1.0
16c24g_64-100000-4-oltp_write_only-0.6,oltp_write_only,100000,16c24g,0.4835,0.5441,16c24g_64-1000000-4-oltp_read_write_50-1.0,1.0,4c6g_64-100000-4-oltp_read_write_50-1.0,0.5208,16c24g_64-1000000-4-oltp_read_write_20-0.6,1.0
16c24g_64-100000-4-oltp_write_only-1.0,oltp_write_only,100000,16c24g,0.3138,0.4699,16c24g_64-100000-4-oltp_read_write_80-0.6,0.9841,16c24g_64-100000-4-oltp_read_write_50-1.0,0.3354,16c24g_64-1000000-4-oltp_read_write_20-0.6,1.0
16c24g_64-1000000-4-oltp_read_only-0.2,oltp_read_only,1000000,16c24g,0.8281,0.9497,24c32g_64-1000000-4-oltp_read_write_95-0.6,0.9497,4c6g_64-1000000-4-oltp_read_write_95-0.2,0.9497,16c24g_64-1000000-4-oltp_read_write_80-0.6,0.9918
16c24g_64-1000000-4-oltp_read_only-0.6,oltp_read_only,1000000,16c24g,0.7962,0.9853,12c16g_64-1000000-4-oltp_read_write_95-0.6,0.9853,4c6g_64-1000000-4-oltp_read_write_95-0.2,0.9853,16c24g_64-100000-4-oltp_read_write_95-0.2,0.9958
16c24g_64-1000000-4-oltp_read_only-1.0,oltp_read_only,1000000,16c24g,0.8504,0.9911,12c16g_64-100000-4-oltp_read_write_95-0.2,0.9911,4c6g_64-1000000-4-oltp_read_write_95-0.2,0.8051,16c24g_64-100000-4-oltp_read_write_95-1.0,0.9984
16c24g_64-1000000-4-oltp_read_write_50-0.2,oltp_read_write_50,1000000,16c24g,0.6605,0.9084,16c24g_64-1000000-4-oltp_read_write_80-0.6,0.9693,24c32g_64-1000000-4-oltp_read_write_20-0.2,0.9693,32c64g_64-1000000-4-oltp_read_write_20-0.2,1.0
16c24g_64-1000000-4-oltp_read_write_50-0.6,oltp_read_write_50,1000000,16c24g,0.5683,1.0,16c24g_64-1000000-4-oltp_read_write_20-0.2,0.8401,24c32g_64-1000000-4-oltp_read_write_20-0.2,0.8401,32c64g_64-1000000-4-oltp_read_write_20-0.2,1.0
16c24g_64-1000000-4-oltp_read_write_50-1.0,oltp_read_write_50,1000000,16c24g,0.6433,0.9431,16c24g_64-1000000-4-oltp_read_write_20-0.6,1.0,4c6g_64-1000000-4-oltp_write_only-0.2,1.0,16c24g_64-1000000-4-oltp_read_write_20-1.0,1.0
16c24g_64-1000000-4-oltp_write_only-0.2,oltp_write_only,1000000,16c24g,0.6388,0.977,16c24g_64-1000000-4-oltp_read_write_5-0.2,1.0,16c24g_64-1000000-4-oltp_read_write_50-1.0,0.977,16c24g_64-1000000-4-oltp_read_write_5-0.6,1.0
16c24g_64-1000000-4-oltp_write_only-0.6,oltp_write_only,1000000,16c24g,0.6311,0.8108,16c24g_64-1000000-4-oltp_read_write_5-0.6,0.9382,32c64g_64-1000000-4-oltp_read_write_50-1.0,0.7043,32c64g_64-1000000-4-oltp_read_write_5-0.2,1.0
16c24g_64-1000000-4-oltp_write_only-1.0,oltp_write_only,1000000,16c24g,0.5781,0.6228,16c24g_64-1000000-4-oltp_read_write_50-1.0,0.9655,16c24g_64-100000-4-oltp_read_write_50-1.0,0.6058,16c24g_64-1000000-4-oltp_read_write_5-0.2,1.0
24c32g_10-4-4-tpcc-nan,tpcc,tpcc,24c32g,0.491,1.0,24c32g_64-1000000-4-oltp_read_write_50-1.0,0.7933,24c32g_64-1000000-4-oltp_read_write_5-0.6,0.5008,12c16g_64-1000000-4-oltp_write_only-1.0,1.0
24c32g_100-4-4-tpcc-nan,tpcc,tpcc,24c32g,0.6685,0.7385,24c32g_64-1000000-4-oltp_read_write_50-0.2,0.8773,12c16g_64-1000000-4-oltp_read_write_50-0.2,0.8577,24c32g_64-1000000-4-oltp_write_only-0.6,1.0
24c32g_50-4-4-tpcc-nan,tpcc,tpcc,24c32g,0.5545,0.9059,16c24g_64-1000000-4-oltp_read_write_50-0.2,0.9404,8c12g_64-1000000-4-oltp_read_write_50-0.2,0.9404,24c32g_64-1000000-4-oltp_read_write_50-0.6,1.0
24c32g_64-100000-4-oltp_read_only-0.2,oltp_read_only,100000,24c32g,0.4558,0.9825,12c16g_64-100000-4-oltp_read_write_95-0.2,0.9825,4c6g_64-1000000-4-oltp_read_write_95-0.2,0.9844,32c64g_64-100000-4-oltp_read_write_95-0.6,1.0
24c32g_64-100000-4-oltp_read_only-0.6,oltp_read_only,100000,24c32g,0.5877,0.9892,12c16g_64-100000-4-oltp_read_write_95-0.6,0.9892,4c6g_64-1000000-4-oltp_read_write_95-0.2,0.9939,32c64g_64-100000-4-oltp_read_write_80-0.2,0.9989
24c32g_64-100000-4-oltp_read_only-1.0,oltp_read_only,100000,24c32g,0.8743,0.9887,12c16g_64-100000-4-oltp_read_write_95-1.0,0.9902,4c6g_64-1000000-4-oltp_read_write_95-0.2,0.9902,32c64g_64-100000-4-oltp_read_write_95-1.0,0.9969
24c32g_64-100000-4-oltp_read_write_50-0.2,oltp_read_write_50,100000,24c32g,0.4447,0.5425,24c32g_64-100000-4-oltp_write_only-0.2,0.8945,12c16g_64-1000000-4-oltp_read_write_20-0.2,0.9988,16c24g_64-100000-4-oltp_read_write_20-0.2,1.0
24c32g_64-100000-4-oltp_read_write_50-0.6,oltp_read_write_50,100000,24c32g,0.5574,1.0,16c24g_64-1000000-4-oltp_read_write_20-1.0,0.9327,4c6g_64-1000000-4-oltp_read_write_20-0.6,0.9807,24c32g_64-100000-4-oltp_read_write_20-0.6,1.0
24c32g_64-100000-4-oltp_read_write_50-1.0,oltp_read_write_50,100000,24c32g,0.5745,0.5881,24c32g_64-1000000-4-oltp_read_write_20-1.0,1.0,24c32g_64-100000-4-oltp_write_only-0.6,0.7784,24c32g_64-100000-4-oltp_read_write_20-1.0,1.0
24c32g_64-100000-4-oltp_write_only-0.2,oltp_write_only,100000,24c32g,0.4999,0.5926,24c32g_64-100000-4-oltp_read_write_50-0.2,0.9781,4c6g_64-100000-4-oltp_read_write_50-1.0,0.5795,32c64g_64-1000000-4-oltp_read_write_5-0.6,1.0
24c32g_64-100000-4-oltp_write_only-0.6,oltp_write_only,100000,24c32g,0.4771,0.5244,24c32g_64-100000-4-oltp_read_write_50-0.2,1.0,4c6g_64-100000-4-oltp_read_write_50-1.0,0.5026,32c64g_64-1000000-4-oltp_read_write_5-0.6,1.0
24c32g_64-100000-4-oltp_write_only-1.0,oltp_write_only,100000,24c32g,0.3044,0.4588,24c32g_64-100000-4-oltp_read_write_80-0.6,0.9776,16c24g_64-100000-4-oltp_read_write_50-1.0,0.3437,24c32g_64-100000-4-oltp_read_write_5-0.2,1.0
24c32g_64-1000000-4-oltp_read_only-0.2,oltp_read_only,1000000,24c32g,0.8421,0.9714,88c190g_64-1000000-4-oltp_read_write_95-0.6,0.9767,4c6g_64-1000000-4-oltp_read_write_95-0.2,0.9767,32c64g_64-1000000-4-oltp_read_write_80-0.6,1.0
24c32g_64-1000000-4-oltp_read_only-0.6,oltp_read_only,1000000,24c32g,0.8034,0.9729,12c16g_64-1000000-4-oltp_read_write_95-0.6,0.9729,4c6g_64-1000000-4-oltp_read_write_95-0.2,0.9729,32c64g_64-1000000-4-oltp_read_write_80-0.6,1.0
24c32g_64-1000000-4-oltp_read_only-1.0,oltp_read_only,1000000,24c32g,0.8506,0.9981,24c32g_64-1000000-4-oltp_read_write_95-1.0,0.9981,4c6g_64-1000000-4-oltp_read_write_95-0.2,0.9981,16c24g_64-100000-4-oltp_read_write_95-0.2,1.0
24c32g_64-1000000-4-oltp_read_write_50-0.2,oltp_read_write_50,1000000,24c32g,0.698,0.8361,24c32g_64-1000000-4-oltp_read_write_80-0.6,0.9759,32c64g_50-4-4-tpcc-nan,0.9505,16c24g_64-1000000-4-oltp_read_write_20-0.2,0.9953
24c32g_64-1000000-4-oltp_read_write_50-0.6,oltp_read_write_50,1000000,24c32g,0.6217,0.8315,24c32g_64-1000000-4-oltp_read_write_20-0.2,0.8315,24c32g_64-1000000-4-oltp_read_write_20-0.2,0.9428,16c24g_64-1000000-4-oltp_read_write_20-0.2,1.0
24c32g_64-1000000-4-oltp_read_write_50-1.0,oltp_read_write_50,1000000,24c32g,0.6463,0.8533,24c32g_64-1000000-4-oltp_write_only-1.0,0.9441,4c6g_64-1000000-4-oltp_write_only-0.6,1.0,16c24g_64-1000000-4-oltp_read_write_20-1.0,1.0
24c32g_64-1000000-4-oltp_write_only-0.2,oltp_write_only,1000000,24c32g,0.7311,0.967,16c24g_64-1000000-4-oltp_read_write_5-0.6,0.9479,16c24g_64-1000000-4-oltp_read_write_50-1.0,0.967,16c24g_64-1000000-4-oltp_read_write_5-0.2,1.0
24c32g_64-1000000-4-oltp_write_only-0.6,oltp_write_only,1000000,24c32g,0.6611,0.8554,16c24g_64-1000000-4-oltp_read_write_5-0.6,1.0,32c64g_64-1000000-4-oltp_read_write_50-1.0,0.6715,24c32g_64-1000000-4-oltp_read_write_5-0.6,1.0
24c32g_64-1000000-4-oltp_write_only-1.0,oltp_write_only,1000000,24c32g,0.5287,0.5634,24c32g_64-1000000-4-oltp_read_write_50-1.0,1.0,4c6g_64-100000-4-oltp_read_write_50-1.0,0.4504,24c32g_64-1000000-4-oltp_read_write_5-0.6,1.0
32c64g_10-4-4-tpcc-nan,tpcc,tpcc,32c64g,0.4818,0.7774,32c64g_64-1000000-4-oltp_read_write_50-1.0,0.8077,24c32g_64-1000000-4-oltp_read_write_5-0.6,0.4165,12c16g_64-1000000-4-oltp_write_only-1.0,1.0
32c64g_100-4-4-tpcc-nan,tpcc,tpcc,32c64g,0.6389,0.9148,32c64g_64-1000000-4-oltp_read_write_80-0.2,0.9148,16c24g_64-1000000-4-oltp_read_write_80-0.6,0.8661,24c32g_64-1000000-4-oltp_write_only-0.6,1.0
32c64g_50-4-4-tpcc-nan,tpcc,tpcc,32c64g,0.554,0.9062,32c64g_64-1000000-4-oltp_read_write_50-0.2,0.9584,16c24g_64-1000000-4-oltp_read_write_80-0.6,0.4746,12c16g_64-1000000-4-oltp_write_only-1.0,1.0
32c64g_64-100000-4-oltp_read_only-0.2,oltp_read_only,100000,32c64g,0.4818,0.9938,32c64g_64-1000000-4-oltp_read_write_95-1.0,0.9938,4c6g_64-1000000-4-oltp_read_write_95-0.2,0.9962,32c64g_64-100000-4-oltp_read_write_80-0.2,1.0
32c64g_64-100000-4-oltp_read_only-0.6,oltp_read_only,100000,32c64g,0.5935,0.997,32c64g_64-100000-4-oltp_read_write_95-0.6,0.9942,4c6g_64-1000000-4-oltp_read_write_95-0.2,0.997,32c64g_64-100000-4-oltp_read_write_95-0.6,1.0
32c64g_64-100000-4-oltp_read_only-1.0,oltp_read_only,100000,32c64g,0.8843,0.9912,32c64g_64-100000-4-oltp_read_write_95-1.0,0.9912,4c6g_64-1000000-4-oltp_read_write_95-0.2,0.9912,32c64g_64-100000-4-oltp_read_write_95-1.0,0.9973
32c64g_64-100000-4-oltp_read_write_50-0.2,oltp_read_write_50,100000,32c64g,0.45,0.9225,32c64g_64-1000000-4-oltp_read_write_20-0.6,0.9225,16c24g_64-1000000-4-oltp_read_write_5-0.6,1.0,16c24g_64-100000-4-oltp_read_write_20-0.2,1.0
32c64g_64-100000-4-oltp_read_write_50-0.6,oltp_read_write_50,100000,32c64g,0.5491,0.9581,32c64g_64-1000000-4-oltp_read_write_20-1.0,0.7429,4c6g_64-1000000-4-oltp_read_write_5-0.2,0.958,16c24g_64-100000-4-oltp_read_write_20-0.2,1.0
32c64g_64-100000-4-oltp_read_write_50-1.0,oltp_read_write_50,100000,32c64g,0.5607,0.5952,24c32g_64-1000000-4-oltp_read_write_20-1.0,0.8022,32c64g_64-100000-4-oltp_read_write_20-1.0,0.7765,24c32g_64-100000-4-oltp_read_write_20-1.0,1.0
32c64g_64-100000-4-oltp_write_only-0.2,oltp_write_only,100000,32c64g,0.4961,0.5609,32c64g_64-1000000-4-oltp_read_write_5-0.6,0.9577,4c6g_64-100000-4-oltp_read_write_50-1.0,0.4818,32c64g_64-1000000-4-oltp_read_write_5-0.2,1.0
32c64g_64-100000-4-oltp_write_only-0.6,oltp_write_only,100000,32c64g,0.4885,0.6297,32c64g_64-1000000-4-oltp_read_write_50-1.0,0.992,16c24g_64-100000-4-oltp_read_write_50-1.0,0.5087,32c64g_64-1000000-4-oltp_read_write_5-0.6,1.0
32c64g_64-100000-4-oltp_write_only-1.0,oltp_write_only,100000,32c64g,0.3135,0.3649,32c64g_64-1000000-4-oltp_read_write_50-1.0,1.0,16c24g_64-100000-4-oltp_read_write_50-1.0,0.3284,32c64g_64-1000000-4-oltp_read_write_20-0.6,1.0
32c64g_64-1000000-4-oltp_read_only-0.2,oltp_read_only,1000000,32c64g,0.8172,0.9811,88c190g_64-1000000-4-oltp_read_write_95-0.6,0.9729,4c6g_64-1000000-4-oltp_read_write_95-0.2,0.9729,32c64g_64-1000000-4-oltp_read_write_80-0.6,0.9887
32c64g_64-1000000-4-oltp_read_only-0.6,oltp_read_only,1000000,32c64g,0.7914,0.9894,88c190g_64-1000000-4-oltp_read_write_95-0.6,0.9906,4c6g_64-1000000-4-oltp_read_write_95-0.2,0.9906,32c64g_64-1000000-4-oltp_read_write_80-0.6,1.0
32c64g_64-1000000-4-oltp_read_only-1.0,oltp_read_only,1000000,32c64g,0.8431,0.9772,88c190g_64-1000000-4-oltp_read_write_95-1.0,0.9921,4c6g_64-1000000-4-oltp_read_write_95-0.2,0.9921,32c64g_64-1000000-4-oltp_read_write_95-1.0,1.0
32c64g_64-1000000-4-oltp_read_write_50-0.2,oltp_read_write_50,1000000,32c64g,0.6675,0.8248,32c64g_64-1000000-4-oltp_read_write_80-0.6,0.9698,32c64g_50-4-4-tpcc-nan,0.9681,32c64g_64-1000000-4-oltp_read_write_20-0.2,1.0
32c64g_64-1000000-4-oltp_read_write_50-0.6,oltp_read_write_50,1000000,32c64g,0.6181,0.853,32c64g_64-1000000-4-oltp_read_write_20-0.2,0.853,32c64g_64-1000000-4-oltp_read_write_20-0.2,0.853,32c64g_64-1000000-4-oltp_read_write_20-0.2,1.0
32c64g_64-1000000-4-oltp_read_write_50-1.0,oltp_read_write_50,1000000,32c64g,0.655,0.8488,24c32g_64-1000000-4-oltp_write_only-1.0,1.0,4c6g_64-1000000-4-oltp_write_only-0.6,0.9518,16c24g_64-1000000-4-oltp_read_write_20-1.0,1.0
32c64g_64-1000000-4-oltp_write_only-0.2,oltp_write_only,1000000,32c64g,0.6898,0.7976,32c64g_64-1000000-4-oltp_read_write_5-0.2,1.0,16c24g_64-1000000-4-oltp_read_write_50-1.0,0.7976,32c64g_64-1000000-4-oltp_read_write_5-0.2,1.0
32c64g_64-1000000-4-oltp_write_only-0.6,oltp_write_only,1000000,32c64g,0.6798,0.864,32c64g_64-1000000-4-oltp_read_write_5-0.6,0.8975,32c64g_64-1000000-4-oltp_read_write_50-1.0,0.864,16c24g_64-1000000-4-oltp_read_write_5-0.2,1.0
32c64g_64-1000000-4-oltp_write_only-1.0,oltp_write_only,1000000,32c64g,0.5309,0.6305,32c64g_64-1000000-4-oltp_read_write_50-1.0,1.0,4c6g_64-100000-4-oltp_read_write_50-1.0,0.5483,32c64g_64-1000000-4-oltp_read_write_5-0.6,1.0
4c6g_10-4-4-tpcc-nan,tpcc,tpcc,4c6g,0.5273,0.9507,4c6g_64-1000000-4-oltp_read_write_50-1.0,0.8017,12c16g_64-1000000-4-oltp_read_write_5-0.6,0.9969,4c6g_64-1000000-4-oltp_read_write_20-1.0,1.0
4c6g_100-4-4-tpcc-nan,tpcc,tpcc,4c6g,0.6641,0.7145,4c6g_64-1000000-4-oltp_read_write_50-0.2,0.877,32c64g_64-100000-4-oltp_read_write_20-0.2,0.7145,4c6g_64-1000000-4-oltp_read_write_50-0.2,1.0
4c6g_50-4-4-tpcc-nan,tpcc,tpcc,4c6g,0.5673,0.6006,4c6g_64-1000000-4-oltp_read_write_50-0.2,0.9086,32c64g_64-100000-4-oltp_read_write_20-0.2,0.6006,12c16g_64-1000000-4-oltp_read_write_5-0.2,1.0
4c6g_64-100000-4-oltp_read_only-0.2,oltp_read_only,100000,4c6g,0.4804,0.9743,4c6g_64-1000000-4-oltp_read_write_95-1.0,0.9743,4c6g_64-1000000-4-oltp_read_write_95-0.2,0.9743,8c12g_64-1000000-4-oltp_read_write_95-1.0,1.0
4c6g_64-100000-4-oltp_read_only-0.6,oltp_read_only,100000,4c6g,0.6045,0.9765,4c6g_64-100000-4-oltp_read_write_95-0.6,0.9765,4c6g_64-1000000-4-oltp_read_write_95-0.2,0.9858,4c6g_64-100000-4-oltp_read_write_95-0.2,1.0
4c6g_64-100000-4-oltp_read_only-1.0,oltp_read_only,100000,4c6g,0.8806,0.9824,4c6g_64-100000-4-oltp_read_write_95-1.0,0.9824,4c6g_64-1000000-4-oltp_read_write_95-0.2,0.99,4c6g_64-100000-4-oltp_read_write_95-0.2,1.0
4c6g_64-100000-4-oltp_read_write_50-0.2,oltp_read_write_50,100000,4c6g,0.5023,0.932,4c6g_64-1000000-4-oltp_read_write_20-0.6,0.8062,8c12g_64-1000000-4-oltp_read_write_20-0.6,0.9967,4c6g_64-100000-4-oltp_read_write_20-0.6,1.0
4c6g_64-100000-4-oltp_read_write_50-0.6,oltp_read_write_50,100000,4c6g,0.5422,0.871,4c6g_64-1000000-4-oltp_read_write_20-1.0,0.871,12c16g_64-1000000-4-oltp_read_write_20-1.0,0.8509,4c6g_64-100000-4-oltp_read_write_20-0.6,1.0
4c6g_64-100000-4-oltp_read_write_50-1.0,oltp_read_write_50,100000,4c6g,0.5896,0.6786,4c6g_64-1000000-4-oltp_read_write_20-1.0,1.0,24c32g_64-100000-4-oltp_write_only-0.6,1.0,8c12g_64-100000-4-oltp_read_write_80-1.0,1.0
4c6g_64-100000-4-oltp_write_only-0.2,oltp_write_only,100000,4c6g,0.5144,0.502,4c6g_64-1000000-4-oltp_read_write_5-0.6,0.9736,4c6g_64-100000-4-oltp_read_write_50-1.0,0.5017,4c6g_64-1000000-4-oltp_read_write_20-0.2,1.0
4c6g_64-100000-4-oltp_write_only-0.6,oltp_write_only,100000,4c6g,0.4715,0.4356,4c6g_64-1000000-4-oltp_read_write_5-0.6,0.9853,16c24g_64-100000-4-oltp_read_write_50-1.0,0.4995,4c6g_64-1000000-4-oltp_read_write_20-0.6,1.0
4c6g_64-100000-4-oltp_write_only-1.0,oltp_write_only,100000,4c6g,0.3243,0.4873,8c12g_64-100000-4-oltp_read_write_80-0.6,1.0,16c24g_64-100000-4-oltp_read_write_50-1.0,0.3387,4c6g_64-1000000-4-oltp_read_write_20-0.6,1.0
4c6g_64-1000000-4-oltp_read_only-0.2,oltp_read_only,1000000,4c6g,0.8291,0.9935,4c6g_64-1000000-4-oltp_read_write_95-0.6,0.9935,4c6g_64-1000000-4-oltp_read_write_95-0.2,0.9935,4c6g_64-100000-4-oltp_read_write_80-0.2,0.9955
4c6g_64-1000000-4-oltp_read_only-0.6,oltp_read_only,1000000,4c6g,0.8019,0.9805,4c6g_64-1000000-4-oltp_read_write_95-0.6,0.9805,4c6g_64-1000000-4-oltp_read_write_95-0.2,0.9805,4c6g_64-100000-4-oltp_read_write_80-0.2,0.9931
4c6g_64-1000000-4-oltp_read_only-1.0,oltp_read_only,1000000,4c6g,0.8645,0.9749,4c6g_64-1000000-4-oltp_read_write_95-1.0,0.9749,4c6g_64-1000000-4-oltp_read_write_95-0.2,0.9749,4c6g_64-100000-4-oltp_read_write_95-0.6,1.0
4c6g_64-1000000-4-oltp_read_write_50-0.2,oltp_read_write_50,1000000,4c6g,0.7015,0.9274,4c6g_50-4-4-tpcc-nan,0.9694,12c16g_64-1000000-4-oltp_read_write_20-0.2,0.9694,4c6g_64-1000000-4-oltp_read_write_20-0.2,1.0
4c6g_64-1000000-4-oltp_read_write_50-0.6,oltp_read_write_50,1000000,4c6g,0.605,0.9807,4c6g_64-1000000-4-oltp_read_write_20-0.2,0.9807,8c12g_64-1000000-4-oltp_read_write_20-0.2,0.9807,4c6g_64-1000000-4-oltp_read_write_20-0.2,1.0
4c6g_64-1000000-4-oltp_read_write_50-1.0,oltp_read_write_50,1000000,4c6g,0.6652,0.8935,4c6g_64-1000000-4-oltp_read_write_20-0.6,0.9737,4c6g_64-1000000-4-oltp_write_only-0.6,0.9019,4c6g_64-100000-4-oltp_read_write_20-0.6,1.0
4c6g_64-1000000-4-oltp_write_only-0.2,oltp_write_only,1000000,4c6g,0.7176,0.7941,4c6g_64-1000000-4-oltp_read_write_5-0.2,1.0,16c24g_64-1000000-4-oltp_read_write_50-1.0,0.8161,4c6g_64-1000000-4-oltp_read_write_5-0.6,1.0
4c6g_64-1000000-4-oltp_write_only-0.6,oltp_write_only,1000000,4c6g,0.6571,0.6853,4c6g_64-1000000-4-oltp_read_write_5-0.6,0.8461,24c32g_64-1000000-4-oltp_read_write_50-1.0,0.6853,4c6g_64-1000000-4-oltp_read_write_5-0.6,1.0
4c6g_64-1000000-4-oltp_write_only-1.0,oltp_write_only,1000000,4c6g,0.5088,0.5345,4c6g_64-1000000-4-oltp_read_write_20-0.6,0.9139,16c24g_64-100000-4-oltp_read_write_50-1.0,0.5345,4c6g_64-1000000-4-oltp_read_write_20-0.6,1.0
88c190g_10-4-4-tpcc-nan,tpcc,tpcc,88c190g,0.4482,0.7337,88c190g_64-1000000-4-oltp_read_write_50-1.0,0.7337,88c190g_64-1000000-4-oltp_read_write_50-1.0,0.7337,88c190g_64-1000000-4-oltp_read_write_5-1.0,1.0
88c190g_100-4-4-tpcc-nan,tpcc,tpcc,88c190g,0.6748,0.9498,88c190g_64-1000000-4-oltp_read_write_50-0.2,0.9498,88c190g_64-1000000-4-oltp_read_write_80-0.6,0.9915,88c190g_64-1000000-4-oltp_read_write_5-0.2,1.0
88c190g_64-1000000-4-oltp_read_only-0.2,oltp_read_only,1000000,88c190g,0.8365,0.9728,88c190g_64-1000000-4-oltp_read_write_95-0.6,0.9817,4c6g_64-1000000-4-oltp_read_write_95-0.2,0.9708,88c190g_64-1000000-4-oltp_read_write_95-1.0,0.9918
88c190g_64-1000000-4-oltp_read_only-0.6,oltp_read_only,1000000,88c190g,0.8074,0.9845,88c190g_64-1000000-4-oltp_read_write_95-0.6,0.9741,4c6g_64-1000000-4-oltp_read_write_95-0.2,0.9944,88c190g_64-1000000-4-oltp_read_write_95-1.0,0.9975
88c190g_64-1000000-4-oltp_read_only-1.0,oltp_read_only,1000000,88c190g,0.6824,0.9898,88c190g_64-1000000-4-oltp_read_write_95-1.0,0.9808,4c6g_64-1000000-4-oltp_read_write_95-0.2,0.9898,88c190g_64-1000000-4-oltp_read_write_95-1.0,1.0
88c190g_64-1000000-4-oltp_read_write_50-0.2,oltp_read_write_50,1000000,88c190g,0.7829,1.0,88c190g_64-1000000-4-oltp_read_write_80-0.6,0.9346,88c190g_64-1000000-4-oltp_read_write_20-0.2,1.0,88c190g_64-1000000-4-oltp_read_write_20-0.6,1.0
88c190g_64-1000000-4-oltp_read_write_50-0.6,oltp_read_write_50,1000000,88c190g,0.6992,0.9822,88c190g_64-1000000-4-oltp_read_write_20-0.2,0.9822,88c190g_64-1000000-4-oltp_read_write_20-0.2,0.9822,88c190g_64-1000000-4-oltp_read_write_20-0.2,1.0
88c190g_64-1000000-4-oltp_read_write_50-1.0,oltp_read_write_50,1000000,88c190g,0.7278,1.0,88c190g_64-1000000-4-oltp_read_write_20-0.6,0.9367,88c190g_10-4-4-tpcc-nan,0.9834,88c190g_64-1000000-4-oltp_read_write_20-1.0,1.0
88c190g_64-1000000-4-oltp_write_only-0.2,oltp_write_only,1000000,88c190g,0.7495,0.9991,88c190g_64-1000000-4-oltp_read_write_5-0.6,0.934,16c24g_64-100000-4-oltp_read_write_80-0.2,0.934,88c190g_64-1000000-4-oltp_read_write_20-0.2,1.0
88c190g_64-1000000-4-oltp_write_only-0.6,oltp_write_only,1000000,88c190g,0.7129,1.0,88c190g_64-1000000-4-oltp_read_write_5-0.6,0.9343,88c190g_64-1000000-4-oltp_read_write_5-0.2,0.9784,88c190g_64-1000000-4-oltp_read_write_20-0.2,1.0
88c190g_64-1000000-4-oltp_write_only-1.0,oltp_write_only,1000000,88c190g,0.6211,0.7917,88c190g_64-1000000-4-oltp_read_write_5-0.6,0.9866,24c32g_64-100000-4-oltp_read_write_80-1.0,0.69,32c64g_64-1000000-4-oltp_read_write_5-1.0,1.0
8c12g_10-4-4-tpcc-nan,tpcc,tpcc,8c12g,0.609,0.9579,8c12g_64-1000000-4-oltp_read_write_50-1.0,0.547,8c12g_64-1000000-4-oltp_read_write_5-0.2,0.9957,12c16g_64-1000000-4-oltp_read_write_5-1.0,1.0
8c12g_100-4-4-tpcc-nan,tpcc,tpcc,8c12g,0.6339,0.9703,8c12g_64-1000000-4-oltp_read_write_50-0.2,0.9703,8c12g_64-1000000-4-oltp_read_write_50-0.2,0.5806,8c12g_64-1000000-4-oltp_write_only-1.0,1.0
8c12g_50-4-4-tpcc-nan,tpcc,tpcc,8c12g,0.5383,0.9224,8c12g_64-1000000-4-oltp_read_write_80-0.2,0.8886,32c64g_64-100000-4-oltp_read_write_20-0.2,1.0,8c12g_64-1000000-4-oltp_read_write_5-0.6,1.0
8c12g_64-100000-4-oltp_read_only-0.2,oltp_read_only,100000,8c12g,0.4886,0.9877,8c12g_64-1000000-4-oltp_read_write_95-1.0,0.9877,4c6g_64-1000000-4-oltp_read_write_95-0.2,0.9923,8c12g_64-100000-4-oltp_read_write_80-0.2,1.0
8c12g_64-100000-4-oltp_read_only-0.6,oltp_read_only,100000,8c12g,0.6176,0.9751,8c12g_64-100000-4-oltp_read_write_95-0.6,0.9703,4c6g_64-1000000-4-oltp_read_write_95-0.2,1.0,8c12g_64-100000-4-oltp_read_write_80-0.2,1.0
8c12g_64-100000-4-oltp_read_only-1.0,oltp_read_only,100000,8c12g,0.894,0.9917,8c12g_64-100000-4-oltp_read_write_95-1.0,0.9943,4c6g_64-1000000-4-oltp_read_write_95-0.2,0.9917,8c12g_64-100000-4-oltp_read_write_95-1.0,0.9983
8c12g_64-100000-4-oltp_read_write_50-0.2,oltp_read_write_50,100000,8c12g,0.4534,0.5383,8c12g_64-100000-4-oltp_write_only-0.2,0.7957,12c16g_64-1000000-4-oltp_read_write_20-0.6,1.0,8c12g_64-100000-4-oltp_read_write_20-0.2,1.0
8c12g_64-100000-4-oltp_read_write_50-0.6,oltp_read_write_50,100000,8c12g,0.5443,0.9362,8c12g_64-100000-4-oltp_read_write_20-0.2,0.9362,12c16g_64-1000000-4-oltp_read_write_20-1.0,0.9317,8c12g_64-100000-4-oltp_read_write_20-0.6,1.0
8c12g_64-100000-4-oltp_read_write_50-1.0,oltp_read_write_50,100000,8c12g,0.5614,0.6532,8c12g_64-1000000-4-oltp_read_write_20-1.0,1.0,24c32g_64-100000-4-oltp_write_only-0.6,1.0,8c12g_64-100000-4-oltp_read_write_80-1.0,1.0
8c12g_64-100000-4-oltp_write_only-0.2,oltp_write_only,100000,8c12g,0.4956,0.6085,8c12g_64-100000-4-oltp_read_write_50-0.2,0.9558,4c6g_64-100000-4-oltp_read_write_50-1.0,0.6085,8c12g_64-100000-4-oltp_read_write_5-0.2,1.0
8c12g_64-100000-4-oltp_write_only-0.6,oltp_write_only,100000,8c12g,0.4681,0.5391,8c12g_64-100000-4-oltp_read_write_50-0.2,1.0,16c24g_64-100000-4-oltp_read_write_50-1.0,0.5297,8c12g_64-100000-4-oltp_read_write_5-0.6,1.0
8c12g_64-100000-4-oltp_write_only-1.0,oltp_write_only,100000,8c12g,0.3131,0.4733,8c12g_64-100000-4-oltp_read_write_80-0.6,0.9635,16c24g_64-100000-4-oltp_read_write_50-1.0,0.3396,16c24g_64-100000-4-oltp_read_write_5-0.6,1.0
8c12g_64-1000000-4-oltp_read_only-0.2,oltp_read_only,1000000,8c12g,0.8182,0.9845,8c12g_64-1000000-4-oltp_read_write_95-0.6,0.9582,4c6g_64-1000000-4-oltp_read_write_95-0.2,0.9845,8c12g_64-1000000-4-oltp_read_write_80-0.2,0.9995
8c12g_64-1000000-4-oltp_read_only-0.6,oltp_read_only,1000000,8c12g,0.7959,0.9774,8c12g_64-1000000-4-oltp_read_write_95-0.6,0.9891,4c6g_64-1000000-4-oltp_read_write_95-0.2,0.9891,16c24g_64-1000000-4-oltp_read_write_80-1.0,0.9905
8c12g_64-1000000-4-oltp_read_only-1.0,oltp_read_only,1000000,8c12g,0.8481,0.9782,8c12g_64-1000000-4-oltp_read_write_95-1.0,0.9782,4c6g_64-1000000-4-oltp_read_write_95-0.2,0.9782,4c6g_64-100000-4-oltp_read_write_95-0.6,1.0
8c12g_64-1000000-4-oltp_read_write_50-0.2,oltp_read_write_50,1000000,8c12g,0.665,0.7869,8c12g_64-1000000-4-oltp_read_write_80-0.6,0.9765,24c32g_100-4-4-tpcc-nan,1.0,8c12g_64-1000000-4-oltp_read_write_20-0.2,1.0
8c12g_64-1000000-4-oltp_read_write_50-0.6,oltp_read_write_50,1000000,8c12g,0.6732,0.9845,8c12g_64-1000000-4-oltp_read_write_20-0.2,0.9826,24c32g_64-1000000-4-oltp_read_write_5-0.2,0.9845,8c12g_64-1000000-4-oltp_read_write_20-0.6,1.0
8c12g_64-1000000-4-oltp_read_write_50-1.0,oltp_read_write_50,1000000,8c12g,0.664,0.7935,8c12g_64-1000000-4-oltp_read_write_20-0.6,0.8085,4c6g_64-1000000-4-oltp_read_write_20-0.6,0.8485,8c12g_64-1000000-4-oltp_read_write_20-1.0,1.0
8c12g_64-1000000-4-oltp_write_only-0.2,oltp_write_only,1000000,8c12g,0.6431,0.6949,12c16g_64-1000000-4-oltp_read_write_5-0.2,0.6949,32c64g_64-1000000-4-oltp_read_write_5-0.2,0.7092,8c12g_64-1000000-4-oltp_read_write_5-0.6,1.0
8c12g_64-1000000-4-oltp_write_only-0.6,oltp_write_only,1000000,8c12g,0.6837,0.7384,12c16g_64-1000000-4-oltp_read_write_5-0.6,0.8006,16c24g_64-1000000-4-oltp_read_write_50-1.0,0.7272,8c12g_64-1000000-4-oltp_read_write_5-0.2,0.9787
8c12g_64-1000000-4-oltp_write_only-1.0,oltp_write_only,1000000,8c12g,0.4525,0.7215,12c16g_64-1000000-4-oltp_read_write_50-1.0,0.9757,16c24g_64-100000-4-oltp_read_write_50-1.0,0.4382,4c6g_64-1000000-4-oltp_read_write_20-0.2,1.0
