context_id,Average Memory Usage Percentage,InnoDB Buffer Pool Cache Hit Rate,InnoDB Dirty Buffer Pages,Current QPS (Queries Per Second),Max CPU Usage (100 - Idle),InnoDB Rows Deleted (60s Rate),InnoDB Rows Inserted (60s Rate),InnoDB Rows Read (60s Rate),InnoDB Rows Updated (60s Rate),Average Disk IOPS (Read),Average Disk IOPS (Write)
12c16g_10-4-4-tpcc-nan,13.208669145133133,96.64864342527012,19537.36363636364,5442.624656011549,47.850909090854906,83.55762766961256,1079.9493515843596,9177.730961051428,2165.973081178766,1798.8127272727272,6357.927272727273
12c16g_100-4-4-tpcc-nan,13.207330099512337,89.80572927431585,14312.272727272728,2858.4454545454546,45.84363636171276,43.12,568.6418181818182,4810.267272727273,1130.28,3667.2981818181815,5219.272727272727
12c16g_64-1000000-4-oltp_read_write_20-0.2,13.547405634522482,95.38455893769624,22902.272727272728,2578.32,45.652727271345526,644.2381818181818,644.2381818181818,33981.269090909096,644.2054545454546,2306.889090909091,7248.214545454545
12c16g_64-1000000-4-oltp_read_write_20-0.6,13.743495032572342,95.73609440450214,25458.545454545456,2847.614545454546,46.24363636360927,711.5345454545454,711.5618181818182,37533.86181818182,711.4581818181819,2257.209090909091,7481.023636363637
12c16g_64-1000000-4-oltp_read_write_20-1.0,13.758259947177862,98.09799625832642,33254.454545454544,5519.770909090909,47.37272727354007,1379.450909090909,1379.4418181818182,72781.10181818182,1379.6054545454544,1547.2454545454543,7293.683636363637
12c16g_64-1000000-4-oltp_read_write_5-0.2,13.93436325935036,95.0197098043366,28732.272727272728,2327.536363636364,46.723636363717645,570.08,570.0745454545455,10831.76909090909,1026.2818181818182,1988.4054545454544,7892.16
12c16g_64-1000000-4-oltp_read_write_5-0.6,13.96490677929582,95.9526146485472,31186.90909090909,2631.1763636363635,49.58909090947021,644.5145454545454,644.5090909090909,12247.687272727271,1160.2054545454546,1882.7036363636364,8031.105454545454
12c16g_64-1000000-4-oltp_read_write_5-1.0,13.714255145470927,98.07086572764732,40243.63636363636,5584.240000000001,47.75999999994581,1362.432727272727,1362.429090909091,26222.521818181816,2470.62,1436.5890909090908,7776.032727272727
12c16g_64-1000000-4-oltp_read_write_50-0.2,13.807950712851447,92.86175053790076,16092.90909090909,2872.254545454545,44.68363636461172,382.7872727272727,382.79090909090905,40570.181818181816,574.1363636363636,3021.5745454545454,5986.849090909091
12c16g_64-1000000-4-oltp_read_write_50-0.6,13.413430246889249,94.1452449639951,17132.727272727272,3345.677956131913,45.35454545305534,445.90239294357656,445.89511999810895,47262.45187453065,668.8435902881446,2846.887272727273,6207.674545454545
12c16g_64-1000000-4-oltp_read_write_50-1.0,13.46673090249262,97.42534777238976,22869.454545454544,6232.903636363637,45.11818181994286,830.8472727272728,830.8418181818182,88072.26,1246.24,1830.096363636364,6364.243636363637
12c16g_64-1000000-4-oltp_read_write_80-0.2,13.545298574305953,91.34105187321605,10902.0,3795.947272727273,44.71999999880791,172.48363636363638,172.4781818181818,72267.63636363637,344.9654545454545,4144.074545454546,3859.709090909091
12c16g_64-1000000-4-oltp_read_write_80-0.6,13.553397033688594,92.3838877669822,11970.545454545454,4207.56,42.72545454651117,191.18545454545452,191.18727272727276,80107.37090909091,382.3745454545455,3911.594545454546,4188.369090909091
12c16g_64-1000000-4-oltp_read_write_80-1.0,13.544853701298052,96.89943625955964,12513.0,7035.54,42.08181818100539,319.73454545454547,319.7327272727273,133965.55636363637,639.4581818181819,2147.7618181818184,4973.254545454546
12c16g_64-1000000-4-oltp_read_write_95-0.2,13.505107285995114,84.53895545871227,7165.181818181818,5440.669090909091,46.94909090887416,65.53272727272727,65.53272727272727,31453.70909090909,131.06,5388.441818181818,1639.3563636363635
12c16g_64-1000000-4-oltp_read_write_95-0.6,13.5207176806455,86.3153984140023,7721.090909090909,6235.314545454546,49.65454545617104,75.11272727272727,75.11272727272727,36049.40363636363,150.21818181818182,5177.752727272728,1804.5636363636363
12c16g_64-1000000-4-oltp_read_write_95-1.0,13.56290536424553,94.03144095372912,9139.09090909091,12124.247272727273,44.567272728139706,146.05090909090907,146.05454545454543,70104.08181818182,292.0872727272727,3173.147272727273,2535.4418181818182
12c16g_64-1000000-4-oltp_write_only-0.2,13.164682049814576,96.5923129600298,32419.18181818182,2156.496363636364,38.6054545444521,359.1818181818182,359.18,1077.5563636363638,718.3690909090909,1269.6272727272726,6793.761818181819
12c16g_64-1000000-4-oltp_write_only-0.6,13.179982582668414,97.32162156363336,35233.545454545456,2435.28,36.13818181915717,405.6490909090909,405.65636363636366,1216.9654545454546,811.2981818181819,1162.2872727272727,6772.512727272727
12c16g_64-1000000-4-oltp_write_only-1.0,13.169265791104944,98.65341303383188,23813.90909090909,3334.94,31.39454545419325,555.5763636363637,555.5745454545454,1666.7727272727273,1111.1490909090908,633.0,6017.569090909092
16c24g_10-4-4-tpcc-nan,9.325830008835736,96.65154069921618,23566.36363636364,3571.652727272727,30.020000000568952,54.63818181818181,708.2054545454546,6044.405454545456,1419.1818181818182,1080.5945454545456,3382.052727272727
16c24g_100-4-4-tpcc-nan,9.343160035229817,90.10940403097868,14188.454545454546,1690.0545454545454,33.45272727378389,26.64909090909091,333.77454545454543,2798.0581818181818,679.4472727272728,2092.38,2888.2145454545457
16c24g_64-1000000-4-oltp_read_write_20-0.2,9.619927848169588,95.20551702006742,23420.90909090909,1335.08,29.84727272729982,333.45272727272726,333.46,17585.36909090909,333.3636363636364,1236.2236363636364,3720.518181818181
16c24g_64-1000000-4-oltp_read_write_20-0.6,9.619555175268802,95.68206296576822,26440.36363636364,1506.9472727272723,30.11636363782666,376.38000000000005,376.3727272727273,19856.109090909093,376.4127272727273,1215.610909090909,3776.3490909090906
16c24g_64-1000000-4-oltp_read_write_20-1.0,9.630502625856206,98.0224259579727,35410.27272727273,3236.1509090909094,31.55454545603557,808.6618181818183,808.66,42659.36363636364,808.7072727272728,962.0709090909093,3734.8745454545456
16c24g_64-1000000-4-oltp_read_write_5-0.2,9.639233188239352,95.25164615767405,29706.36363636364,1178.9763636363637,31.912727273323316,288.70909090909095,288.7109090909091,5482.958181818182,519.3472727272728,1016.1145454545456,3984.661818181818
16c24g_64-1000000-4-oltp_read_write_5-0.6,9.651512244764726,95.7304423001423,32675.18181818182,1363.4745454545457,31.12000000070442,333.7909090909091,333.8,6343.350909090909,600.9854545454546,1019.5981818181818,4039.216363636363
16c24g_64-1000000-4-oltp_read_write_5-1.0,9.65810988082245,98.0049823484725,42716.27272727273,3176.08,32.7927272726189,775.6436363636363,775.6490909090909,14879.656363636364,1403.8436363636365,870.06,3830.623636363636
16c24g_64-1000000-4-oltp_read_write_50-0.2,9.541249675642003,92.63407293258771,15153.545454545454,1533.3218181818183,30.032727272673085,204.27454545454543,204.2690909090909,21651.84909090909,306.39090909090913,1668.6945454545455,3246.7418181818184
16c24g_64-1000000-4-oltp_read_write_50-0.6,9.520861669239927,93.96224348106396,17581.636363636364,1872.8436363636365,30.820000000298023,249.5290909090909,249.52545454545452,26447.68,374.2672727272728,1643.7181818181818,3347.281818181818
16c24g_64-1000000-4-oltp_read_write_50-1.0,9.52266758614253,96.93022809293312,24423.272727272728,3626.689090909091,29.77636363628236,483.4,483.3963636363636,51235.92727272727,725.0527272727272,1210.689090909091,3553.336363636364
16c24g_64-1000000-4-oltp_read_write_80-0.2,9.610048333760313,91.16182010063989,10557.90909090909,2484.0654545454545,30.321818181059577,112.84727272727272,112.84909090909092,47279.24909090909,225.68727272727276,2737.936363636364,2346.5072727272727
16c24g_64-1000000-4-oltp_read_write_80-0.6,9.604363967261818,92.20634078437148,11504.454545454546,2752.7309090909093,30.087272729385983,125.06,125.06,52399.398181818186,250.11636363636364,2595.723636363636,2513.8
16c24g_64-1000000-4-oltp_read_write_80-1.0,9.61711586173641,96.71546803448312,12238.545454545454,4534.067272727272,29.50363636287776,206.02181818181816,206.0181818181818,86326.16181818182,412.0363636363636,1448.62,2983.041818181818
16c24g_64-1000000-4-oltp_read_write_95-0.2,9.563439179900437,84.35774117100864,6929.909090909091,4158.010909090909,34.6509090912613,50.08181818181818,50.08,24039.334545454545,100.16363636363636,4146.612727272728,1145.32
16c24g_64-1000000-4-oltp_read_write_95-0.6,9.6055335415038,86.13958434253392,7653.363636363636,4584.949090909091,35.31454545598138,55.21272727272728,55.21272727272728,26502.88,110.4309090909091,3830.023636363636,1214.7581818181818
16c24g_64-1000000-4-oltp_read_write_95-1.0,9.64465977703967,93.8157379874212,9032.181818181818,9341.88181818182,35.96727272461761,112.5418181818182,112.53818181818184,54019.17636363636,225.07636363636365,2490.0581818181818,1805.509090909091
16c24g_64-1000000-4-oltp_write_only-0.2,9.339280112618509,96.2426379651401,30196.090909090908,1136.5890909090908,25.19751793426174,189.18727272727276,189.1890909090909,567.5818181818181,378.4,752.7288110629245,3740.491567702225
16c24g_64-1000000-4-oltp_write_only-0.6,9.364319901710983,97.15033043267373,33755.72727272727,1357.6254545454544,25.12363636459817,226.03454545454545,226.03272727272727,678.1109090909091,452.07272727272726,695.0381818181818,3715.4872727272727
16c24g_64-1000000-4-oltp_write_only-1.0,9.326828713289212,98.5936333814314,26248.090909090908,2184.1309090909094,21.632727272131227,363.7854545454545,363.7872727272727,1091.358181818182,727.5672727272727,438.9436363636364,3446.823636363636
24c32g_10-4-4-tpcc-nan,7.356446468955607,96.23623014315685,23301.454545454544,3832.8,27.23856001351273,59.55636363636364,758.1945454545454,6618.761818181819,1532.730909090909,1412.1755649933732,4140.420381322575
24c32g_100-4-4-tpcc-nan,7.377079445448026,89.78642047295816,14585.636363636364,2041.5290909090909,30.73272727345201,31.572727272727278,405.0290909090909,3417.5690909090918,814.7581818181818,2578.9654545454546,3572.976363636364
24c32g_64-1000000-4-oltp_read_write_20-0.2,7.613600337059736,95.2180175631589,23306.90909090909,1749.669090909091,27.74000000005418,437.0636363636364,437.0709090909091,23056.014545454545,437.0436363636364,1593.3436363636365,4786.454545454545
24c32g_64-1000000-4-oltp_read_write_20-0.6,7.596696131944994,95.75437755701444,26343.090909090908,1882.169090909091,27.08545454540713,470.19272727272727,470.1963636363636,24801.536363636365,470.18545454545455,1501.7109090909091,4694.067272727273
24c32g_64-1000000-4-oltp_read_write_20-1.0,7.606361354616058,98.01629363180778,35079.27272727273,4015.314545454545,28.43818181820891,1003.36,1003.3690909090908,52941.28727272728,1003.5054545454544,1182.9036363636365,4798.538181818181
24c32g_64-1000000-4-oltp_read_write_5-0.2,7.591500357263322,94.82804805032193,29345.454545454544,1498.6527272727274,25.319999999790028,367.01272727272726,367.02181818181816,6973.029090909092,660.3927272727273,1332.698181818182,5119.643636363637
24c32g_64-1000000-4-oltp_read_write_5-0.6,7.603107234420275,95.77308312999062,31768.0,1702.3363636363638,27.194545454345644,416.8472727272727,416.8636363636364,7919.041818181818,750.4854545454546,1260.0218181818182,5022.527272727273
24c32g_64-1000000-4-oltp_read_write_5-1.0,7.611499729619922,97.9213645785434,41393.90909090909,3842.1981818181816,28.84363636349073,937.6163636363636,937.6127272727272,18017.776363636363,1699.4563636363637,1039.509090909091,4792.87090909091
24c32g_64-1000000-4-oltp_read_write_50-0.2,7.481403359865855,92.8297677271218,15866.545454545454,1864.6763636363637,25.61090909092772,248.42363636363635,248.43090909090907,26333.88181818182,372.64,1986.023636363636,3849.634545454546
24c32g_64-1000000-4-oltp_read_write_50-0.6,7.481111946116981,93.97934883290986,17716.454545454544,2316.3290909090906,26.583636363671925,308.61636363636364,308.62,32718.507272727275,462.96,2018.6181818181817,4105.896363636363
24c32g_64-1000000-4-oltp_read_write_50-1.0,7.503828972449845,97.305268801272,22897.90909090909,4528.285454545455,26.48909090925008,603.5272727272727,603.5400000000001,63979.62,905.2836363636364,1346.5527272727272,4187.292727272728
24c32g_64-1000000-4-oltp_read_write_80-0.2,7.580328393049768,91.2396530856242,10507.181818181818,3009.8981818181824,25.885454545474865,136.75272727272727,136.75636363636366,57295.09818181819,273.50545454545454,3304.970909090909,2870.6163636363635
24c32g_64-1000000-4-oltp_read_write_80-0.6,7.581891430430105,92.23426579189122,11403.454545454546,3319.610909090909,26.929090909151867,150.83272727272728,150.83272727272728,63198.62545454546,301.6636363636364,3109.4218181818183,3118.676363636364
24c32g_64-1000000-4-oltp_read_write_80-1.0,7.583904834513251,96.8001103379595,12378.181818181818,5666.092727272728,26.518181818114087,257.4836363636364,257.48727272727274,107883.5890909091,514.9636363636364,1768.509090909091,3794.076363636363
24c32g_64-1000000-4-oltp_read_write_95-0.2,7.605307187456299,84.42977049647415,7087.818181818182,4989.341818181819,32.21272727262906,60.09636363636364,60.09818181818182,28845.62909090909,120.19818181818182,4962.409090909091,1406.7018181818182
24c32g_64-1000000-4-oltp_read_write_95-0.6,7.512688391951667,86.1472392445339,7889.0,5617.321818181818,31.09090909090909,67.67090909090909,67.67272727272727,32478.294545454544,135.34,4677.4345454545455,1530.729090909091
24c32g_64-1000000-4-oltp_read_write_95-1.0,7.557275799369714,93.92089024421637,8800.181818181818,10995.96181818182,30.845454545606945,132.4690909090909,132.4709090909091,63584.98363636364,264.93636363636364,2900.4872727272727,2203.398181818182
24c32g_64-1000000-4-oltp_write_only-0.2,7.388131091106169,96.36559696216916,31039.272727272728,1391.5581818181818,22.410909090868447,231.68727272727276,231.69272727272727,695.0872727272728,463.3836363636364,882.6327272727272,4387.316363636364
24c32g_64-1000000-4-oltp_write_only-0.6,7.612070414878136,97.22919915823212,33978.90909090909,1675.810909090909,24.838181818158112,279.07272727272726,279.0690909090909,837.2127272727273,558.1309090909091,841.7290909090909,4610.307272727273
24c32g_64-1000000-4-oltp_write_only-1.0,7.409800573319019,98.46681810948613,25210.81818181818,2681.2018181818185,20.301818181845277,446.6127272727272,446.6236363636363,1339.8981818181817,893.1854545454546,544.7363636363636,4464.630909090909
32c64g_10-4-4-tpcc-nan,4.419747865670789,96.44791063944582,23614.0,3887.0690909090913,25.8000000004064,59.845454545454544,772.4418181818182,6608.580000000001,1548.1236363636365,1336.3363636363638,3995.687272727273
32c64g_100-4-4-tpcc-nan,4.462190819498857,90.01379516754129,14089.09090909091,1966.163636363636,24.627272727137264,30.474545454545456,389.04545454545456,3342.112727272727,783.8909090909092,2533.754545454545,3439.4890909090905
32c64g_64-1000000-4-oltp_read_write_20-0.2,4.542794454089832,95.39541217544004,23362.90909090909,1614.88,23.238181817260656,403.3145454545455,403.3218181818182,21280.890909090907,403.35636363636365,1454.670909090909,4407.038181818182
32c64g_64-1000000-4-oltp_read_write_20-0.6,4.541003053978911,95.89041850413928,26224.545454545456,1821.689090909091,23.96545454656536,455.0781818181818,455.0690909090909,24003.785454545457,455.07272727272726,1436.4127272727274,4565.649090909091
32c64g_64-1000000-4-oltp_read_write_20-1.0,4.544205526177206,98.09662424853978,35226.0,3842.0890909090913,25.39454545419324,960.1163636363636,960.1218181818182,50651.11272727272,960.1272727272728,1106.730909090909,4580.88
32c64g_64-1000000-4-oltp_read_write_5-0.2,4.542952097299594,95.47929724669189,29155.81818181818,1460.609090909091,24.396363638341427,357.5890909090909,357.59090909090907,6797.845454545455,643.86,1233.421818181818,4915.367272727272
32c64g_64-1000000-4-oltp_read_write_5-0.6,4.544925944621813,95.9166008540797,31851.727272727272,1632.5800000000002,24.345454546538267,399.7818181818182,399.7890909090909,7599.018181818182,719.6036363636364,1192.7727272727273,4953.854545454546
32c64g_64-1000000-4-oltp_read_write_5-1.0,4.548859308065366,98.08743517952148,42914.09090909091,3801.3363636363633,25.55818181891333,927.5872727272726,927.5945454545456,17831.392727272727,1681.3945454545456,1010.730909090909,4774.189090909091
32c64g_64-1000000-4-oltp_read_write_50-0.2,4.580643706833459,92.93663988470334,15910.363636363636,1868.2745454545452,23.241818182170388,248.9181818181818,248.91636363636363,26386.112727272728,373.3763636363637,1964.8236363636363,3854.456363636364
32c64g_64-1000000-4-oltp_read_write_50-0.6,4.491876248536977,94.18897312113286,17949.090909090908,2251.9418181818182,23.930909091098737,300.0527272727273,300.05454545454546,31810.481818181812,450.07272727272726,1945.7127272727275,3985.84
32c64g_64-1000000-4-oltp_read_write_50-1.0,4.4975100640858265,97.48213827203682,23668.090909090908,4570.632727272728,24.24909091063521,609.2272727272727,609.2272727272727,64579.34,913.8563636363637,1329.7727272727273,4197.045454545455
32c64g_64-1000000-4-oltp_read_write_80-0.2,4.527433060338655,91.37774121420138,10410.181818181818,2905.5636363636363,23.5,132.00727272727272,132.00545454545454,55308.94545454546,264.01818181818186,3173.389090909091,2763.449090909091
32c64g_64-1000000-4-oltp_read_write_80-0.6,4.534495586375967,92.39780162193928,11344.545454545454,3169.509090909091,23.49454545500604,144.0127272727273,144.0109090909091,60335.96363636363,288.0236363636364,2954.649090909091,2950.2745454545457
32c64g_64-1000000-4-oltp_read_write_80-1.0,4.538963062652593,96.85343790597996,12314.272727272728,5416.574545454546,23.45636363598433,246.14545454545453,246.1472727272727,103133.16545454548,492.2763636363636,1676.4836363636364,3598.5345454545454
32c64g_64-1000000-4-oltp_read_write_95-0.2,4.531773209407397,84.04473756681988,7446.181818181818,4787.26,28.107272725213654,57.66181818181818,57.66181818181818,27678.496363636365,115.33272727272728,4785.734545454546,1431.7054545454546
32c64g_64-1000000-4-oltp_read_write_95-0.6,4.488415814722706,86.32992164178265,7568.545454545455,5484.92,28.350909090854906,66.06545454545454,66.06363636363636,31709.583636363637,132.12545454545457,4531.503636363636,1455.9927272727273
32c64g_64-1000000-4-oltp_read_write_95-1.0,4.516397484455333,94.0017442165794,8662.09090909091,10784.04,27.650909089906648,129.91454545454545,129.91454545454545,62357.85272727273,259.8290909090909,2816.454545454545,2097.5581818181818
32c64g_64-1000000-4-oltp_write_only-0.2,4.437574777174627,96.6096800409765,31539.0,1402.3272727272729,19.71272727305239,233.47818181818184,233.48,700.4727272727273,466.9727272727272,851.2272727272727,4538.692727272727
32c64g_64-1000000-4-oltp_write_only-0.6,4.438243382816034,97.32061038216148,33947.0,1674.721818181818,20.19454545392232,278.8818181818182,278.8781818181818,836.6454545454545,557.7509090909091,821.3490909090909,4615.685454545454
32c64g_64-1000000-4-oltp_write_only-1.0,4.434091192958928,98.60780420703932,26078.454545454544,2689.1254545454544,16.763636363500897,447.92545454545456,447.9381818181818,1343.8727272727274,895.8163636363636,521.4563636363637,4437.494545454546
4c6g_10-4-4-tpcc-nan,35.0341552116535,96.42180693172884,22743.90909090909,3919.538181818182,67.7363636364991,59.82727272727273,777.6890909090909,6635.84,1555.190909090909,1363.7818181818182,4232.552727272728
4c6g_100-4-4-tpcc-nan,35.056828524396515,90.2752226752027,13793.363636363636,2127.0254545454545,65.8563636365262,31.96181818181818,423.22,3568.5654545454545,839.1890909090909,2576.8454545454547,3552.34
4c6g_64-1000000-4-oltp_read_write_20-0.2,36.25922245478225,95.26251469099526,23103.36363636364,1737.1900076724205,63.70181818306446,433.9384125725881,433.934776281676,22889.37074211577,433.90023082713054,1567.2036363636362,4791.48
4c6g_64-1000000-4-oltp_read_write_20-0.6,36.3177956754153,95.84807178608862,25813.545454545456,1927.92,65.27090909061107,481.6181818181818,481.6218181818182,25405.50181818182,481.630909090909,1513.138181818182,4855.730909090909
4c6g_64-1000000-4-oltp_read_write_20-1.0,36.2755324776008,98.12709165506396,33366.72727272727,3935.230909090909,69.587272727354,983.3581818181818,983.3654545454546,51883.10363636364,983.3636363636364,1119.7818181818182,4879.914545454545
4c6g_64-1000000-4-oltp_read_write_5-0.2,36.28916979959982,95.36316104740614,28880.81818181818,1546.937158229494,64.48201846179425,378.849248809474,378.8601580094806,7197.135694759868,681.6744633768935,1301.4366678362933,5246.58648753802
4c6g_64-1000000-4-oltp_read_write_5-0.6,36.36699360920923,95.83147293236452,31586.90909090909,1753.190909090909,65.54000000046058,429.36727272727273,429.3709090909091,8162.905454545455,772.6400000000001,1289.4418181818182,5320.98
4c6g_64-1000000-4-oltp_read_write_5-1.0,36.45053187936821,97.94966260559018,39722.545454545456,3851.505454545455,69.90545454553582,939.9672727272726,939.9290909090907,18061.412727272727,1703.34,1033.938181818182,5002.203636363637
4c6g_64-1000000-4-oltp_read_write_50-0.2,35.69740764687682,92.06781236344938,15607.09090909091,1865.8345454545452,63.74000000005419,248.5890909090909,248.59454545454545,26347.18,372.8872727272728,2180.929090909091,4354.863636363636
4c6g_64-1000000-4-oltp_read_write_50-0.6,35.769046743453934,93.98355696753345,17332.363636363636,2412.6418181818185,65.87636363506317,321.49454545454546,321.4981818181818,34076.08363636363,482.22909090909087,2101.4036363636365,4348.323636363636
4c6g_64-1000000-4-oltp_read_write_50-1.0,35.8375845546703,97.41756355934446,22843.90909090909,4594.330909090909,70.69454545459963,612.3745454545455,612.3763636363636,64912.54727272727,918.541818181818,1363.5218181818182,4494.427272727273
4c6g_64-1000000-4-oltp_read_write_80-0.2,36.23825157507795,91.217876751559,10571.545454545454,2998.9690909090914,70.0545454567129,136.25636363636363,136.26000000000002,57085.01636363636,272.5163636363637,3284.5581818181818,2840.0436363636363
4c6g_64-1000000-4-oltp_read_write_80-0.6,36.30442026619148,92.25105325295442,11471.181818181818,3275.038181818182,70.26545454493977,148.79636363636362,148.80181818181816,62345.8709090909,297.5872727272727,3050.287272727273,3064.414545454545
4c6g_64-1000000-4-oltp_read_write_80-1.0,36.28449108502486,96.82471167994504,11900.545454545454,5450.0,69.11636363714933,247.6709090909091,247.67454545454547,103772.14545454546,495.3345454545455,1679.709090909091,3626.361818181818
4c6g_64-1000000-4-oltp_read_write_95-0.2,36.22372136861807,84.4165460241012,6984.545454545455,4902.858181818182,80.63626250302292,59.05272727272728,59.05272727272728,28346.874545454542,118.10909090909092,4826.950962985052,1298.9087508886898
4c6g_64-1000000-4-oltp_read_write_95-0.6,35.86768071356469,86.07096570298141,7679.818181818182,5467.04,80.89272727343169,65.8509090909091,65.8509090909091,31606.967272727277,131.69454545454545,4591.938181818182,1544.1181818181817
4c6g_64-1000000-4-oltp_read_write_95-1.0,36.12344449109931,93.99058229246911,8069.090909090909,10386.58,82.19454545459963,125.1218181818182,125.1181818181818,60058.03636363637,250.24545454545455,2693.998181818182,1929.2018181818185
4c6g_64-1000000-4-oltp_write_only-0.2,35.191070726806764,96.0575802887122,29986.18181818182,1386.9036363636365,54.5472727262161,230.92363636363635,230.92545454545453,692.7690909090909,461.83272727272725,982.3036363636364,4848.165454545455
4c6g_64-1000000-4-oltp_write_only-0.6,35.19109453705905,97.2961119888286,34128.09090909091,1795.5890909090908,55.92727272754366,299.0272727272728,299.0236363636364,897.1054545454546,598.0545454545455,884.3618181818182,4954.921818181818
4c6g_64-1000000-4-oltp_write_only-1.0,35.166558072074345,98.68196998194765,22811.90909090909,2666.827272727273,51.42795566265965,444.2036363636364,444.2127272727273,1332.7,888.4054545454546,498.6604470160297,4677.713837469292
88c190g_10-4-4-tpcc-nan,2.510107981748485,96.31002365900808,18357.36363636364,5127.467272727273,37.5472727262161,76.71636363636364,1019.0581818181818,30660.94,2020.523636363636,1998.0890909090908,6758.84
88c190g_100-4-4-tpcc-nan,2.501174979917545,89.6729794831167,14782.181818181818,2652.085454545455,37.29090909118002,39.74363636363636,527.7927272727273,4531.1618181818185,1043.590909090909,3550.072727272728,5028.110909090909
88c190g_64-1000000-4-oltp_read_write_20-0.2,2.5280552534199785,95.00609881200802,23920.18181818182,2464.3018181818184,34.61999999968843,615.6981818181819,615.6999999999999,32478.456363636364,615.7636363636364,2273.690909090909,7159.996363636365
88c190g_64-1000000-4-oltp_read_write_20-0.6,2.550551127059929,95.74908605527833,26242.36363636364,2734.912727272728,31.625454546037044,683.3672727272727,683.3672727272727,36047.62545454546,683.3418181818182,2176.0327272727272,7255.487272727273
88c190g_64-1000000-4-oltp_read_write_20-1.0,2.558613320879002,98.08288684886816,33129.72727272727,5685.390909090909,38.01090909201991,1420.8527272727272,1420.8490909090908,74967.10545454545,1421.141818181818,1606.0963636363638,7858.692727272727
88c190g_64-1000000-4-oltp_read_write_5-0.2,2.561209084047036,95.20918566909214,28749.454545454544,2317.658181818182,35.33454545451836,567.7690909090909,567.7727272727273,10784.092727272728,1021.8145454545454,1957.02,7946.625454545455
88c190g_64-1000000-4-oltp_read_write_5-0.6,2.557406518704389,95.94681466428898,32336.454545454544,2629.914545454545,34.39272727410901,644.2381818181818,644.2381818181818,12241.930909090908,1159.6163636363638,1875.469090909091,8009.265454545454
88c190g_64-1000000-4-oltp_read_write_5-1.0,2.56785029098279,98.06364162437517,40359.72727272727,5699.62,38.80181818319993,1391.0236363636363,1391.0218181818182,26739.51636363636,2521.716363636364,1486.6636363636362,8237.554545454546
88c190g_64-1000000-4-oltp_read_write_50-0.2,2.52818835523982,93.03583531960771,16336.636363636364,2830.6309090909094,36.48181818086993,377.24545454545455,377.2418181818182,39980.54909090909,565.8072727272728,2933.8036363636365,5952.67090909091
88c190g_64-1000000-4-oltp_read_write_50-0.6,2.49536681636049,94.19288541881174,17241.272727272728,3220.549090909091,34.340000000189654,429.22,429.2236363636364,45493.77636363636,643.8127272727273,2743.6018181818185,6072.376363636364
88c190g_64-1000000-4-oltp_read_write_50-1.0,2.512731698149896,97.47716042131336,22782.272727272728,6536.894545454546,37.65818181837147,871.4090909090909,871.4072727272727,92366.65454545454,1307.1509090909092,1913.2854545454545,6895.276363636364
88c190g_64-1000000-4-oltp_read_write_80-0.2,2.491778435726548,91.3208668453549,10949.0,3888.389762177906,36.17113897185077,176.68804729898022,176.68622911716204,74029.20633045654,353.37427641614227,4257.715772169114,4108.250291661061
88c190g_64-1000000-4-oltp_read_write_80-0.6,2.497560682378485,92.34163818988168,11980.545454545454,4204.034545454546,35.99818181856112,191.02,191.02,80040.62000000001,382.0418181818182,3909.367272727273,4330.8436363636365
88c190g_64-1000000-4-oltp_read_write_80-1.0,2.526375837968517,96.91482260666302,12468.636363636364,7492.683636363637,35.714545454491265,340.5163636363637,340.5163636363637,142676.54363636364,681.0527272727272,2276.718181818182,5543.107272727273
88c190g_64-1000000-4-oltp_read_write_95-0.2,2.480034005052864,84.18500563256167,6860.363636363636,6467.052727272728,33.3727272732014,77.89818181818181,77.89818181818181,37391.865454545456,155.8018181818182,6419.596363636363,1952.830909090909
88c190g_64-1000000-4-oltp_read_write_95-0.6,2.474933373005453,86.22504858184098,7954.727272727273,7144.016363636364,34.97636363587596,86.05454545454546,86.05454545454546,41305.10909090909,172.1109090909091,5946.363636363636,2133.710909090909
88c190g_64-1000000-4-oltp_read_write_95-1.0,2.5020894764266077,94.02477817445016,8855.545454545454,13470.556363636364,32.31818181784315,162.27818181818182,162.27818181818182,77891.59272727273,324.54727272727274,3517.452727272728,2931.8254545454547
88c190g_64-1000000-4-oltp_write_only-0.2,2.4784003144268536,96.8546342788004,33245.545454545456,2649.8109090909093,28.48181818154725,441.4072727272727,441.4090909090909,1324.2072727272728,882.8072727272728,1488.9127272727274,8344.945454545454
88c190g_64-1000000-4-oltp_write_only-0.6,2.474876540934947,97.30119610715298,35569.818181818184,2991.347272727273,31.563395336084373,498.3200000000001,498.3218181818182,1494.9709090909091,996.6454545454544,1428.7851807890495,8490.693344461051
88c190g_64-1000000-4-oltp_write_only-1.0,2.4886000975556755,98.70673551090104,27024.454545454544,5024.146807380954,27.367272726852782,837.1384053997048,837.142041763341,2511.387943471841,1674.2513562539548,894.838181818182,9113.607272727271
8c12g_10-4-4-tpcc-nan,16.931571500006328,96.07249862116365,19674.0,4973.054545454545,58.40181818164208,77.34909090909092,984.36,8483.82909090909,1989.3818181818183,2021.9,6286.376363636364
8c12g_100-4-4-tpcc-nan,16.946614804266776,90.3274724220768,13845.454545454546,2967.6363636363635,56.4054545448585,46.269090909090906,586.2509090909091,5024.598181818182,1188.2763636363636,3628.0345454545454,5109.878181818182
8c12g_64-1000000-4-oltp_read_write_20-0.2,17.556411060757213,95.37810237915124,22874.636363636364,2522.132727272727,56.76000000028448,630.1636363636363,630.1545454545455,33238.92727272728,630.2145454545455,2251.7563636363634,6907.432727272727
8c12g_64-1000000-4-oltp_read_write_20-0.6,17.55223712764349,95.68955152228226,25288.81818181818,2794.461818181818,57.84181818162853,698.2490909090909,698.2436363636364,36831.66545454546,698.289090909091,2230.245454545455,7264.923636363636
8c12g_64-1000000-4-oltp_read_write_20-1.0,17.579237626978315,98.06167646699464,32341.36363636364,5369.874545454546,57.574545454233885,1341.96,1341.94,70804.67272727273,1342.1,1507.9199999999998,6933.22
8c12g_64-1000000-4-oltp_read_write_5-0.2,17.572707727369096,95.42518200589546,28877.0,2357.112727272728,58.10363636335189,577.2745454545455,577.2690909090909,10973.42909090909,1039.34,1952.8745454545451,7668.154545454545
8c12g_64-1000000-4-oltp_read_write_5-0.6,17.89428385180953,95.90696612407632,31078.545454545456,2599.9454545454546,58.31272727352652,636.8109090909091,636.8054545454546,12099.443636363636,1146.4654545454546,1867.6254545454549,7824.320000000001
8c12g_64-1000000-4-oltp_read_write_5-1.0,17.616658178881057,98.05583142767432,39653.36363636364,5520.785454545455,59.09272727234797,1347.3545454545454,1347.3490909090908,25907.16,2441.8563636363638,1418.9363636363637,7588.585454545455
8c12g_64-1000000-4-oltp_read_write_50-0.2,17.875826317558744,92.75539276607697,15630.181818181818,2915.5745454545454,55.44000000032512,388.5490909090909,388.5545454545455,41183.19818181818,582.8109090909091,3096.4981818181823,5964.045454545455
8c12g_64-1000000-4-oltp_read_write_50-0.6,17.384570352706806,94.12997314608076,17266.81818181818,3415.134545454546,56.3709090910852,455.1745454545455,455.18,48247.72363636363,682.7218181818182,2905.4927272727277,6175.274545454546
8c12g_64-1000000-4-oltp_read_write_50-1.0,17.945482521448163,97.40490957544309,22421.0,6275.841818181819,56.67818181792443,836.549090909091,836.5436363636363,88681.15090909091,1254.8218181818183,1846.978181818182,6247.867272727273
8c12g_64-1000000-4-oltp_read_write_80-0.2,19.594508310088,91.30764896118158,10850.90909090909,3814.670909090909,54.89272727207704,173.3272727272727,173.3272727272727,72620.58,346.6527272727273,4157.427272727273,3788.6981818181816
8c12g_64-1000000-4-oltp_read_write_80-0.6,17.502965798224505,92.33789670143167,11828.818181818182,4153.281818181818,54.837856846959816,188.7254545454545,188.7236363636364,79073.26363636364,377.4581818181818,3856.213719643026,4037.1520668562575
8c12g_64-1000000-4-oltp_read_write_80-1.0,17.529100176877805,96.8950198979696,12387.454545454546,6705.430909090909,52.43636363677003,304.7290909090909,304.7327272727273,127680.94,609.4472727272728,2059.0436363636363,4625.178181818182
8c12g_64-1000000-4-oltp_read_write_95-0.2,17.347386284266598,84.4795011897219,7240.272727272727,5581.918181818181,58.53818181800571,67.24363636363637,67.24181818181819,32276.132727272725,134.48909090909092,5536.978181818182,1654.1727272727271
8c12g_64-1000000-4-oltp_read_write_95-0.6,17.392927087064106,86.29294490995366,7789.818181818182,6343.325454545455,56.94727272743528,76.41818181818182,76.41818181818182,36679.26727272727,152.84545454545454,5253.79090909091,1792.507272727273
8c12g_64-1000000-4-oltp_read_write_95-1.0,17.5031934135572,94.02881971205824,9078.545454545454,12145.592727272726,59.97272727265954,146.31272727272727,146.31454545454545,70231.70000000001,292.62545454545455,3188.0236363636363,2484.0581818181818
8c12g_64-1000000-4-oltp_write_only-0.2,17.071752984509978,96.49598371099992,32290.36363636364,2192.656363636364,44.539999999783255,365.2,365.2,1095.629090909091,730.4109090909092,1318.5763636363636,6775.001818181819
8c12g_64-1000000-4-oltp_write_only-0.6,17.034681245714477,97.31817421172582,35044.63636363636,2512.5963636363635,45.28909090872515,418.5163636363637,418.5236363636364,1255.5836363636363,837.0363636363636,1214.1781818181817,6751.070909090909
8c12g_64-1000000-4-oltp_write_only-1.0,17.027045785917906,98.63999466445,22066.090909090908,3413.628489151085,38.385454545305535,568.6765688885657,568.6911141613111,1706.118796483988,1137.320410504404,651.8000000000001,6085.627272727273
